#,Name,Team,G,PA,AB,H,2B,3B,HR,R,RBI,BB,SO,HBP,SB,CS,BB%,K%,ISO,BABIP,AVG,OBP,SLG,OPS,wOBA,wRC+,ADP,InterSD,InterSK,IntraSD
1,Ronald Acuna Jr.,ATL,147,659,566,177,33,2,35,120,93,77,104,10,52,13,11.70%,15.80%,0.253,0.329,0.313,0.402,0.566,0.968,0.409,158,1,5.35,-0.32,1.16
2,Mookie Betts,LAD,149,661,566,160,35,2,33,111,94,81,104,8,13,4,12.20%,15.70%,0.244,0.294,0.283,0.378,0.527,0.905,0.385,146,5.1,2.56,-0.27,0.87
3,Aaron Judge,NYY,138,600,496,137,22,0,44,100,106,96,162,4,6,2,16.00%,26.90%,0.309,0.317,0.276,0.395,0.586,0.981,0.408,161,11.3,3.85,0.12,1.41
4,Juan Soto,NYY,153,664,529,148,27,2,37,104,100,127,110,4,11,4,19.10%,16.60%,0.265,0.288,0.28,0.42,0.544,0.964,0.409,162,10.7,1.98,0.08,0.96
5,Yordan Alvarez,HOU,139,599,505,150,31,2,39,95,107,78,117,10,1,0,13.10%,19.50%,0.297,0.313,0.296,0.398,0.593,0.991,0.414,169,16.4,2.45,0.11,1.49
6,Julio Rodriguez,SEA,151,662,599,168,34,3,32,99,91,51,156,10,32,9,7.60%,23.50%,0.223,0.329,0.28,0.345,0.504,0.848,0.36,135,3.1,2.27,-1.81,0.38
7,Jose Ramirez,CLE,151,657,577,160,37,4,26,90,94,69,76,5,25,7,10.50%,11.60%,0.215,0.279,0.278,0.356,0.493,0.849,0.358,131,16,3.62,-2.25,0.32
8,Adley Rutschman,BAL,143,604,517,140,31,1,18,78,70,76,95,5,2,1,12.70%,15.80%,0.172,0.298,0.271,0.367,0.442,0.81,0.352,127,52.9,3.13,-2.31,0.62
9,Freddie Freeman,LAD,154,677,587,180,39,2,26,108,96,75,108,9,15,4,11.10%,15.90%,0.206,0.337,0.307,0.392,0.513,0.904,0.384,145,8.8,4.13,0.47,1.17
10,Corey Seager,TEX,128,559,495,146,31,1,29,83,88,53,90,5,2,1,9.50%,16.20%,0.247,0.306,0.295,0.366,0.541,0.907,0.382,143,32.1,3.7,1.41,1.08
11,Fernando Tatis Jr.,SDP,148,647,575,157,33,2,33,98,93,61,146,5,28,7,9.50%,22.60%,0.238,0.31,0.273,0.346,0.512,0.858,0.364,131,7.9,4.7,-0.54,0.41
12,Bobby Witt Jr.,KCR,152,657,604,169,33,7,29,99,90,40,121,6,42,11,6.10%,18.40%,0.223,0.304,0.28,0.327,0.502,0.829,0.351,122,2.4,3.51,0.85,0.9
13,Corbin Carroll,ARI,148,631,553,154,30,8,23,101,76,60,130,11,45,7,9.50%,20.70%,0.212,0.324,0.278,0.359,0.49,0.848,0.363,128,6,2.2,0.87,1.4
14,Gunnar Henderson,BAL,143,610,540,141,28,6,25,87,81,62,153,5,12,3,10.10%,25.00%,0.215,0.316,0.261,0.34,0.476,0.816,0.349,125,32.9,1.81,-0.58,0.44
15,Kyle Tucker,HOU,151,644,565,159,34,4,31,94,103,70,96,3,26,6,10.80%,14.90%,0.236,0.288,0.281,0.36,0.517,0.877,0.37,138,6.6,2.62,-0.37,0.36
16,Austin Riley,ATL,154,669,595,166,32,2,38,100,103,57,160,10,2,1,8.60%,23.90%,0.253,0.318,0.279,0.35,0.532,0.882,0.372,133,19.1,2.7,-0.88,1.35
17,Shohei Ohtani,LAD,139,609,515,144,27,5,38,101,99,85,147,4,19,7,14.00%,24.20%,0.292,0.32,0.28,0.385,0.573,0.957,0.399,155,12.3,5.2,0.01,0.63
18,Rafael Devers,BOS,150,651,578,163,35,1,35,93,100,61,124,8,4,2,9.40%,19.00%,0.247,0.303,0.282,0.357,0.529,0.886,0.373,133,23.9,2.34,-0.87,1.12
19,Alex Bregman,HOU,149,653,555,147,31,2,23,91,86,83,80,8,2,1,12.70%,12.20%,0.184,0.271,0.264,0.365,0.448,0.813,0.354,127,97.3,1.19,-0.61,0.89
20,Matt Olson,ATL,153,663,564,151,28,1,40,102,112,87,148,6,1,1,13.10%,22.40%,0.269,0.29,0.267,0.368,0.536,0.904,0.381,139,17.3,1.87,-0.42,1.65
21,Francisco Lindor,NYM,153,655,578,147,28,2,27,92,88,61,126,9,22,5,9.30%,19.20%,0.196,0.279,0.254,0.332,0.45,0.782,0.336,112,22.8,2.61,0.46,0.73
22,Mike Trout,LAA,125,541,461,122,24,2,33,83,83,69,151,9,3,1,12.70%,27.90%,0.272,0.32,0.266,0.369,0.538,0.907,0.383,144,71.4,3.05,-0.67,0.92
23,Marcus Semien,TEX,153,680,609,161,34,3,27,100,85,61,110,4,15,4,9.00%,16.20%,0.198,0.281,0.264,0.333,0.462,0.795,0.342,115,30.8,1.96,0.08,0.65
24,Will Smith,LAD,125,517,443,116,23,2,21,70,75,56,88,12,2,1,10.80%,16.90%,0.206,0.278,0.262,0.355,0.468,0.823,0.353,124,84.6,2.29,-0.18,0.5
25,Trea Turner,PHI,153,667,612,171,34,4,23,98,83,45,132,5,29,5,6.80%,19.90%,0.182,0.323,0.28,0.333,0.462,0.795,0.341,113,12,2,-0.72,0.67
26,Bryce Harper,PHI,147,633,532,151,34,1,29,95,92,89,135,5,13,5,14.10%,21.40%,0.234,0.327,0.285,0.389,0.519,0.908,0.384,142,17.7,3.45,1.2,0.59
27,Michael Harris II,ATL,147,599,555,160,34,3,22,88,79,34,121,6,24,5,5.60%,20.10%,0.194,0.332,0.288,0.334,0.482,0.816,0.348,117,28.9,2.94,0.2,0.62
28,Bo Bichette,TOR,146,638,595,173,35,2,22,86,82,36,126,3,11,4,5.60%,19.70%,0.178,0.335,0.291,0.334,0.469,0.803,0.344,121,37.1,1.62,0.07,0.84
29,Royce Lewis,MIN,132,561,507,137,27,2,27,78,82,46,125,5,13,4,8.20%,22.30%,0.218,0.309,0.271,0.336,0.488,0.824,0.352,126,54.5,2.79,0.68,0.25
30,Jose Altuve,HOU,139,616,544,150,29,1,24,96,72,61,99,7,15,4,9.90%,16.10%,0.189,0.298,0.276,0.354,0.465,0.819,0.354,127,42.9,2.78,0.17,0.62
31,Dansby Swanson,CHC,151,645,578,148,29,2,24,85,82,58,158,5,12,3,8.90%,24.50%,0.179,0.311,0.256,0.326,0.435,0.762,0.329,107,119.8,3.05,0.1,0.49
32,Xander Bogaerts,SDP,147,633,563,157,31,1,18,81,71,56,112,7,12,3,8.90%,17.60%,0.157,0.316,0.279,0.349,0.436,0.784,0.34,115,105.8,1.98,-0.08,0.6
33,William Contreras,MIL,140,582,515,140,27,1,22,77,74,58,131,5,4,1,9.90%,22.40%,0.187,0.323,0.272,0.349,0.459,0.809,0.349,119,77.3,2.03,-0.7,0.52
34,Luis Robert Jr.,CHW,143,602,556,149,31,2,30,85,84,33,155,9,19,5,5.50%,25.80%,0.223,0.32,0.269,0.319,0.492,0.811,0.344,117,34.2,2.17,-0.56,0.26
35,Vladimir Guerrero Jr.,TOR,153,663,584,165,32,1,31,89,98,67,99,7,6,2,10.10%,15.00%,0.219,0.292,0.282,0.361,0.501,0.862,0.367,137,29.9,4.15,-0.32,0.96
36,Ozzie Albies,ATL,148,643,585,159,33,4,27,94,93,45,109,6,13,4,7.00%,16.90%,0.207,0.291,0.273,0.327,0.479,0.807,0.343,114,22.9,1.44,-0.54,0.54
37,Sean Murphy,ATL,117,469,406,102,23,1,20,63,65,48,105,12,0,0,10.20%,22.40%,0.212,0.29,0.252,0.347,0.464,0.811,0.35,118,141,3.52,-0.29,0.41
38,J.T. Realmuto,PHI,133,527,476,122,24,3,20,69,70,38,127,9,15,4,7.20%,24.10%,0.19,0.307,0.257,0.321,0.447,0.768,0.329,105,73.5,3.62,-0.07,0.27
39,Andres Gimenez,CLE,143,593,533,141,28,4,16,76,66,34,113,18,27,6,5.70%,19.10%,0.158,0.305,0.264,0.327,0.422,0.749,0.324,108,100.7,3.74,-1.17,0.87
40,Brandon Nimmo,NYM,145,636,548,147,28,5,19,86,65,72,128,11,4,2,11.30%,20.00%,0.173,0.316,0.268,0.362,0.44,0.803,0.351,122,198.8,2.44,-0.47,0.67
41,Nico Hoerner,CHC,146,641,579,163,28,4,9,84,62,46,78,11,34,8,7.10%,12.20%,0.109,0.31,0.282,0.343,0.39,0.733,0.322,103,65,2.41,-3.29,1.61
42,Ketel Marte,ARI,143,619,546,149,33,5,19,84,77,62,105,6,7,2,10.00%,16.90%,0.184,0.304,0.273,0.351,0.457,0.808,0.348,118,118.5,3.14,-1.27,0.57
43,Manny Machado,SDP,141,606,543,146,26,1,29,80,92,55,112,2,6,2,9.10%,18.50%,0.211,0.288,0.269,0.336,0.48,0.815,0.346,119,64.2,3.44,-1.64,0.76
44,Carlos Correa,MIN,136,582,514,133,28,1,21,71,72,60,123,4,0,0,10.20%,21.10%,0.18,0.301,0.26,0.339,0.439,0.778,0.336,116,244,1.33,-0.99,0.51
45,Willy Adames,MIL,145,618,549,132,29,1,27,78,85,62,161,3,6,2,10.00%,26.00%,0.203,0.29,0.241,0.32,0.445,0.765,0.329,105,182.6,2.17,-0.15,0.94
46,Gleyber Torres,NYY,146,621,555,149,27,1,24,82,77,57,107,3,13,5,9.20%,17.30%,0.181,0.293,0.269,0.338,0.449,0.787,0.339,115,83.2,3.2,-0.79,0.18
47,Willson Contreras,STL,120,485,419,107,22,1,21,63,64,48,111,14,5,2,9.90%,22.80%,0.202,0.296,0.255,0.349,0.457,0.806,0.349,121,135.6,2.37,-0.09,0.26
48,J.P. Crawford,SEA,145,626,538,137,29,1,13,80,58,75,109,7,3,1,12.00%,17.40%,0.129,0.296,0.255,0.351,0.384,0.734,0.326,111,271.7,2.34,1.06,0.64
49,Nolan Arenado,STL,145,617,560,147,30,2,26,74,91,47,92,5,4,2,7.60%,14.90%,0.196,0.27,0.262,0.321,0.457,0.778,0.331,109,103.4,3.04,-1.19,0.8
50,Gabriel Moreno,ARI,124,473,427,122,23,1,10,53,57,36,87,5,6,2,7.60%,18.30%,0.131,0.335,0.286,0.346,0.416,0.762,0.332,108,153.6,2.7,0.5,1.09
51,Yandy Diaz,TBR,136,590,509,150,28,1,17,81,68,71,86,6,1,1,12.00%,14.50%,0.158,0.325,0.294,0.385,0.452,0.837,0.365,132,136.6,2.02,1.44,1.18
52,Matt McLain,CIN,131,576,508,131,28,4,22,79,73,56,156,9,19,6,9.70%,27.10%,0.197,0.329,0.258,0.34,0.455,0.795,0.343,110,71,2.48,0.2,0.4
53,Pete Alonso,NYM,152,649,563,141,24,1,41,89,110,65,139,15,4,1,10.10%,21.40%,0.266,0.256,0.25,0.34,0.516,0.856,0.36,129,26.6,2.86,-0.2,1.74
54,Matt Chapman,SFG,138,579,503,118,26,3,24,71,70,64,162,7,3,1,11.00%,28.00%,0.203,0.294,0.235,0.327,0.438,0.765,0.331,109,272.7,4.45,0.94,0.77
55,Jung Hoo Lee,SFG,135,582,522,150,35,4,10,70,60,50,54,5,9,3,8.50%,9.20%,0.139,0.303,0.286,0.352,0.426,0.778,0.338,113,247.5,3.63,-0.22,1.12
56,Cal Raleigh,SEA,129,509,457,103,23,1,26,62,71,45,139,3,1,0,8.80%,27.40%,0.228,0.261,0.226,0.298,0.455,0.752,0.321,108,137.4,2.27,-0.7,1.02
57,Edouard Julien,MIN,132,550,461,113,23,1,16,73,55,79,164,5,8,2,14.40%,29.70%,0.163,0.341,0.246,0.36,0.409,0.769,0.339,117,218.4,3.45,0.03,0.44
58,Ke'Bryan Hayes,PIT,138,590,541,144,30,5,17,73,68,43,119,3,14,5,7.20%,20.20%,0.169,0.311,0.267,0.322,0.436,0.758,0.326,103,160.4,1.56,-0.93,0.35
59,Bryan Reynolds,PIT,148,643,568,153,30,4,24,86,81,61,137,9,10,3,9.40%,21.30%,0.194,0.313,0.269,0.347,0.463,0.81,0.348,117,91.9,1.63,-0.01,0.4
60,Ha-Seong Kim,SDP,146,602,528,130,25,2,15,73,61,61,115,5,27,6,10.10%,19.20%,0.139,0.287,0.246,0.327,0.385,0.712,0.313,97,89.6,2.7,-0.2,1.1
61,Logan O'Hoppe,LAA,121,480,427,108,19,1,23,58,66,43,102,6,2,1,9.00%,21.30%,0.209,0.28,0.253,0.329,0.463,0.791,0.34,114,152.5,2.43,-2.08,0.53
62,Randy Arozarena,TBR,148,637,552,143,29,3,25,88,80,66,154,14,25,9,10.40%,24.10%,0.197,0.313,0.259,0.351,0.456,0.806,0.349,121,44,2.4,-0.59,0.61
63,Josh Jung,TEX,138,585,537,139,28,2,26,74,81,38,165,6,3,1,6.40%,28.30%,0.203,0.324,0.259,0.313,0.462,0.775,0.331,108,134.2,1.76,-1.3,0.66
64,Jonah Heim,TEX,123,483,439,109,23,1,18,55,66,39,93,2,2,1,8.00%,19.30%,0.176,0.275,0.248,0.31,0.424,0.734,0.316,98,171.9,1.42,-1.02,0.37
65,Paul Goldschmidt,STL,148,645,559,149,29,1,24,88,84,77,145,4,7,2,12.00%,22.60%,0.185,0.317,0.266,0.357,0.451,0.808,0.35,122,84.8,1.75,1.47,0.58
66,Yainer Diaz,HOU,116,448,420,115,22,1,21,56,67,20,87,4,1,0,4.40%,19.30%,0.208,0.296,0.273,0.309,0.481,0.791,0.335,114,108.9,3.07,0.83,0.75
67,Luis Arraez,MIA,143,615,560,178,30,3,8,75,62,45,40,4,4,2,7.30%,6.60%,0.108,0.33,0.318,0.37,0.425,0.796,0.345,116,164.5,2.35,0.25,2.11
68,Riley Greene,DET,137,589,529,146,26,5,17,77,65,51,155,4,10,2,8.70%,26.30%,0.166,0.358,0.276,0.343,0.442,0.785,0.34,116,167.9,2.79,0.38,0.6
69,Ian Happ,CHC,147,626,540,135,30,3,20,79,75,75,146,6,11,3,12.00%,23.30%,0.176,0.305,0.251,0.346,0.426,0.772,0.336,112,164.6,2.63,-1.58,0.43
70,Anthony Volpe,NYY,142,573,510,119,27,3,19,71,64,51,144,7,24,6,8.80%,25.10%,0.179,0.284,0.233,0.309,0.413,0.722,0.313,97,126.1,2.52,0.54,1.1
71,Max Muncy,LAD,131,552,461,103,19,1,28,79,83,80,140,7,2,1,14.40%,25.30%,0.232,0.251,0.223,0.343,0.455,0.798,0.344,118,184.3,3.07,0.15,1.33
72,Bo Naylor,CLE,116,439,380,88,19,2,16,52,54,52,111,4,8,2,11.90%,25.30%,0.183,0.281,0.23,0.328,0.414,0.741,0.323,107,162,3.61,0.28,0.45
73,Zach Neto,LAA,132,534,472,117,25,1,18,66,63,40,122,16,10,3,7.40%,22.90%,0.17,0.296,0.248,0.326,0.419,0.744,0.324,103,279.7,3.95,-0.92,0.2
74,Zack Gelof,OAK,136,592,530,129,28,2,19,73,63,53,171,4,21,5,8.90%,28.90%,0.17,0.321,0.244,0.316,0.414,0.729,0.316,105,135.9,2.79,1.04,0.78
75,Isaac Paredes,TBR,132,541,468,113,23,1,24,66,75,57,95,11,1,0,10.60%,17.50%,0.205,0.252,0.242,0.336,0.447,0.782,0.339,114,187.6,2.59,-0.66,0.73
76,Christian Yelich,MIL,145,629,540,142,28,2,18,90,69,81,144,4,22,5,12.90%,22.90%,0.159,0.325,0.262,0.361,0.421,0.782,0.341,114,81,1.57,2.24,0.78
77,Oneil Cruz,PIT,132,567,506,125,24,5,23,80,72,52,155,3,22,6,9.10%,27.40%,0.202,0.306,0.247,0.318,0.449,0.767,0.329,104,76.9,3.41,-0.76,0.72
78,George Springer,TOR,134,587,522,134,24,2,22,81,69,54,110,6,14,4,9.20%,18.80%,0.178,0.287,0.258,0.333,0.436,0.768,0.333,113,123.3,2.09,0.44,0.3
79,Evan Carter,TEX,137,565,486,124,25,4,16,74,64,68,142,6,18,6,11.90%,25.20%,0.167,0.325,0.254,0.35,0.421,0.772,0.336,112,131.6,3.68,0.71,0.59
80,Nolan Jones,COL,139,579,503,136,28,3,24,81,78,68,166,5,19,4,11.80%,28.70%,0.212,0.354,0.269,0.36,0.481,0.842,0.361,112,57,2.21,-0.32,0.18
81,Alejandro Kirk,TOR,97,368,323,86,16,0,10,40,42,38,41,4,0,0,10.40%,11.20%,0.142,0.279,0.267,0.35,0.409,0.76,0.333,113,266.5,1.59,-0.28,0.96
82,Adolis Garcia,TEX,147,633,571,139,28,2,32,91,95,50,179,7,13,4,7.90%,28.30%,0.225,0.293,0.243,0.309,0.468,0.777,0.331,108,46.8,2.03,-0.2,1.19
83,Jorge Polanco,SEA,125,537,474,116,23,1,21,65,68,54,126,4,6,2,10.10%,23.40%,0.185,0.287,0.245,0.325,0.43,0.755,0.327,112,248,2.41,-0.61,0.36
84,Cedric Mullins,BAL,137,567,510,126,26,3,18,72,65,46,115,5,26,6,8.00%,20.30%,0.173,0.283,0.248,0.314,0.421,0.734,0.317,103,149.3,1.95,-0.18,0.92
85,Jeremy Pena,HOU,144,597,548,143,27,2,15,74,63,36,128,8,13,5,6.10%,21.50%,0.139,0.313,0.261,0.313,0.399,0.713,0.31,97,214.2,2.64,-0.54,0.43
86,Cody Bellinger,CHC,140,590,531,139,27,2,23,83,82,47,117,4,17,5,8.00%,19.80%,0.19,0.291,0.262,0.323,0.452,0.774,0.331,108,62.1,4.12,1.65,0.32
87,Jazz Chisholm Jr.,MIA,130,544,491,122,21,4,25,78,73,43,156,5,28,7,7.90%,28.60%,0.211,0.307,0.247,0.312,0.458,0.77,0.329,105,73.2,1.36,0.96,0.94
88,Seiya Suzuki,CHC,135,576,506,137,27,3,21,76,74,60,129,4,8,4,10.50%,22.30%,0.194,0.321,0.271,0.351,0.465,0.816,0.35,122,111.9,2.21,0.52,0.32
89,Bryson Stott,PHI,140,584,532,142,28,3,13,72,62,42,101,4,22,5,7.20%,17.30%,0.135,0.304,0.266,0.322,0.401,0.723,0.314,95,109.6,2.52,-0.16,0.87
90,Kyle Schwarber,PHI,148,648,540,120,20,1,41,96,97,98,189,6,3,1,15.20%,29.20%,0.269,0.253,0.222,0.347,0.491,0.838,0.358,124,93.7,2.61,-0.54,2.14
91,Nolan Gorman,STL,130,529,471,113,21,1,28,70,76,51,162,4,7,2,9.70%,30.60%,0.224,0.3,0.24,0.318,0.464,0.782,0.335,111,190.9,2.31,-0.58,0.82
92,Byron Buxton,MIN,110,464,415,96,23,2,26,69,65,40,139,6,11,2,8.60%,30.00%,0.252,0.28,0.233,0.308,0.485,0.792,0.336,115,246.1,4.65,1.46,0.74
93,Steven Kwan,CLE,140,615,545,151,28,6,5,79,51,58,63,5,18,5,9.50%,10.20%,0.099,0.303,0.277,0.349,0.376,0.725,0.32,105,213.4,3.42,-0.15,1.39
94,CJ Abrams,WSN,147,613,563,142,29,4,16,83,62,31,113,12,41,8,5.00%,18.40%,0.149,0.289,0.253,0.304,0.402,0.707,0.306,90,40.2,4.37,-0.15,1.66
95,Chas McCormick,HOU,130,518,457,116,18,2,20,67,68,48,135,8,16,5,9.20%,26.00%,0.181,0.311,0.253,0.331,0.434,0.764,0.331,111,169.1,2.58,0.23,0.38
96,Triston Casas,BOS,142,580,495,127,25,2,27,77,79,78,138,3,1,0,13.50%,23.80%,0.223,0.299,0.256,0.359,0.479,0.838,0.36,124,109,2.64,-0.19,0.77
97,Jake Burger,MIA,141,579,526,132,26,2,30,71,81,38,157,10,1,1,6.60%,27.10%,0.228,0.297,0.251,0.311,0.479,0.79,0.336,110,149.3,2.2,-1.5,0.95
98,Taylor Ward,LAA,127,541,472,126,25,1,20,74,68,55,112,8,6,2,10.10%,20.70%,0.187,0.306,0.266,0.349,0.453,0.802,0.347,119,229.5,2.85,-1.47,0.34
99,James Outman,LAD,130,525,456,106,20,3,19,72,64,55,167,10,12,3,10.60%,31.80%,0.181,0.32,0.233,0.327,0.414,0.74,0.323,103,194.4,3.88,0.44,0.64
100,Brandon Lowe,TBR,113,476,416,98,21,1,22,62,65,50,124,7,6,1,10.60%,26.10%,0.213,0.281,0.237,0.326,0.449,0.776,0.334,111,269.6,2.57,-0.65,0.48
101,Ryan Jeffers,MIN,102,382,336,81,15,1,16,46,47,36,106,6,2,1,9.40%,27.90%,0.199,0.299,0.24,0.323,0.439,0.763,0.33,111,251.9,3.5,0.45,0.53
102,Danny Jansen,TOR,94,354,313,74,16,0,18,45,53,31,72,7,1,0,8.70%,20.30%,0.226,0.247,0.236,0.316,0.462,0.778,0.333,113,265.1,2.55,-0.11,0.56
103,Christian Walker,ARI,149,630,556,141,29,2,28,80,91,61,127,7,7,2,9.60%,20.20%,0.209,0.278,0.253,0.332,0.462,0.794,0.34,113,98.4,1.08,0.09,0.85
104,Jackson Holliday,BAL,115,477,417,108,22,3,8,60,47,53,105,3,10,3,11.20%,22.00%,0.127,0.326,0.259,0.345,0.386,0.731,0.322,107,192.8,3.92,-0.23,0.78
105,Vinnie Pasquantino,KCR,132,562,494,135,31,2,20,68,73,59,71,6,1,1,10.50%,12.70%,0.193,0.283,0.274,0.355,0.467,0.823,0.353,124,182.9,3.55,-0.28,0.66
106,Daulton Varsho,TOR,139,553,499,116,24,3,23,70,68,44,129,5,15,5,8.00%,23.30%,0.193,0.267,0.233,0.3,0.426,0.726,0.312,99,214.9,3.39,-0.36,0.81
107,Lars Nootbaar,STL,115,481,409,104,20,2,16,67,54,64,97,2,9,2,13.20%,20.10%,0.18,0.291,0.254,0.354,0.434,0.788,0.343,117,217.2,3.38,0.48,0.34
108,Elly De La Cruz,CIN,134,575,523,130,26,6,21,81,69,45,182,3,37,9,7.80%,31.60%,0.189,0.339,0.249,0.31,0.438,0.749,0.32,95,25.8,2.89,1.16,1.37
109,Francisco Alvarez,NYM,124,479,424,97,17,0,25,58,67,46,125,6,2,1,9.60%,26.00%,0.216,0.26,0.228,0.312,0.445,0.756,0.325,105,149.1,2.14,0.13,0.83
110,Davis Schneider,TOR,96,394,339,79,19,1,16,49,49,47,111,5,5,2,11.90%,28.10%,0.204,0.293,0.233,0.332,0.436,0.769,0.334,114,422.1,4.12,-0.56,0.45
111,Jack Suwinski,PIT,127,513,439,100,20,2,24,64,67,64,158,5,10,3,12.60%,30.90%,0.218,0.291,0.227,0.33,0.444,0.775,0.334,108,240.6,2.63,1.41,0.81
112,Max Kepler,MIN,127,519,457,113,24,2,20,67,65,52,102,5,4,1,10.00%,19.70%,0.195,0.272,0.247,0.328,0.441,0.769,0.332,112,279.7,1.43,-0.64,0.32
113,Anthony Santander,BAL,142,613,552,137,29,1,28,76,87,48,133,8,3,1,7.90%,21.60%,0.211,0.275,0.248,0.316,0.459,0.775,0.332,113,145.1,1.56,0,0.95
114,Jordan Westburg,BAL,114,447,403,102,22,2,13,54,52,35,110,5,7,2,7.80%,24.60%,0.163,0.314,0.253,0.317,0.416,0.733,0.318,104,316,4.19,1.35,0.43
115,Shea Langeliers,OAK,120,460,419,93,19,2,21,49,57,34,132,4,3,1,7.30%,28.80%,0.203,0.268,0.221,0.284,0.424,0.708,0.302,95,242.9,1.63,-0.01,0.74
116,Thairo Estrada,SFG,133,568,521,136,24,2,15,71,59,32,113,11,23,6,5.60%,19.80%,0.142,0.305,0.261,0.315,0.403,0.718,0.312,96,135,2.4,-0.6,0.84
117,Maikel Garcia,KCR,130,546,493,132,26,3,7,66,50,43,112,2,23,6,7.90%,20.60%,0.109,0.33,0.268,0.327,0.377,0.704,0.309,94,204.1,2.91,-0.94,1.26
118,Gavin Lux,LAD,117,464,412,108,20,4,10,60,50,45,95,2,9,2,9.80%,20.60%,0.145,0.316,0.262,0.336,0.407,0.743,0.324,104,267.6,3.08,-0.4,0.65
119,Nathaniel Lowe,TEX,139,595,523,141,27,2,18,73,71,65,136,4,2,1,10.90%,22.80%,0.164,0.331,0.27,0.354,0.434,0.787,0.343,116,216.8,2.85,-0.41,0.57
120,TJ Friedl,CIN,130,545,480,122,22,6,15,72,58,47,92,10,22,5,8.50%,16.90%,0.163,0.284,0.255,0.33,0.418,0.749,0.325,98,159.1,2.35,0.62,0.8
121,Brandon Marsh,PHI,125,486,427,109,22,4,13,58,54,50,149,4,12,3,10.30%,30.60%,0.162,0.357,0.255,0.336,0.416,0.752,0.327,104,377.1,4.08,0,0.55
122,Yoan Moncada,CHW,133,555,499,124,26,1,17,63,62,47,153,5,3,1,8.50%,27.70%,0.161,0.322,0.248,0.317,0.408,0.725,0.315,98,368.4,3.21,-0.97,0.16
123,Vaughn Grissom,BOS,124,501,449,126,26,3,9,61,55,39,84,9,11,3,7.70%,16.90%,0.129,0.325,0.28,0.346,0.409,0.755,0.33,104,248.8,2.1,-1.6,0.99
124,Sal Frelick,MIL,133,550,491,131,26,4,8,68,54,49,80,5,17,4,8.80%,14.50%,0.118,0.301,0.267,0.337,0.384,0.721,0.317,97,276.4,2.72,-0.04,0.95
125,Luis Rengifo,LAA,133,533,484,124,21,4,17,64,60,38,95,6,8,4,7.00%,17.90%,0.164,0.285,0.256,0.315,0.42,0.735,0.318,99,239,3.08,0.55,0.19
126,Tyler Stephenson,CIN,113,424,378,97,19,1,12,50,51,38,104,5,1,0,8.90%,24.40%,0.149,0.321,0.257,0.33,0.406,0.735,0.321,95,227.7,3.06,-0.11,0.52
127,Trevor Story,BOS,120,501,453,108,25,2,18,64,62,39,144,6,20,5,7.80%,28.70%,0.183,0.305,0.238,0.305,0.422,0.726,0.312,91,180.1,3.28,-0.45,0.78
128,Tommy Edman,STL,112,460,420,110,23,3,11,62,45,30,75,5,23,4,6.60%,16.20%,0.144,0.294,0.261,0.317,0.405,0.722,0.313,97,190.2,3.61,-0.34,1.19
129,Keibert Ruiz,WSN,123,494,453,119,24,0,15,52,59,31,53,6,2,1,6.40%,10.80%,0.151,0.269,0.263,0.317,0.414,0.731,0.317,97,170.6,2.42,-0.97,0.55
130,Spencer Torkelson,DET,148,628,551,134,29,1,29,80,84,65,151,7,3,1,10.30%,24.00%,0.217,0.279,0.243,0.328,0.461,0.788,0.338,115,117.7,2.95,-0.83,1.06
131,Jeff McNeil,NYM,132,553,500,140,28,2,8,64,54,36,60,12,6,1,6.50%,10.90%,0.115,0.302,0.28,0.341,0.394,0.735,0.323,103,311.2,2.7,-0.07,1.04
132,Teoscar Hernandez,LAD,134,565,520,136,26,1,26,72,84,36,163,5,7,3,6.30%,28.90%,0.208,0.328,0.261,0.313,0.469,0.782,0.333,110,123.4,2.92,-0.4,0.58
133,Eugenio Suarez,ARI,141,593,515,120,23,1,23,68,79,62,175,10,1,0,10.50%,29.60%,0.182,0.3,0.232,0.323,0.414,0.736,0.321,100,277.2,2.99,-0.44,0.96
134,Salvador Perez,KCR,132,540,504,129,22,1,25,61,81,22,127,10,0,0,4.00%,23.60%,0.193,0.292,0.256,0.297,0.449,0.746,0.316,99,130.7,1.57,-0.03,0.82
135,Anthony Rendon,LAA,103,434,371,94,20,1,11,51,52,52,72,7,3,1,11.90%,16.60%,0.151,0.284,0.255,0.353,0.406,0.758,0.333,110,424.5,5.16,-0.54,0.47
136,Josh Naylor,CLE,134,564,512,143,30,0,21,65,86,42,82,5,8,3,7.40%,14.50%,0.184,0.294,0.279,0.336,0.463,0.799,0.34,119,125.3,2.06,0.82,0.76
137,Alek Thomas,ARI,125,480,441,114,23,5,10,59,52,30,95,4,10,3,6.20%,19.70%,0.145,0.306,0.259,0.31,0.404,0.714,0.308,92,356.7,2.57,-0.9,0.6
138,Tyler O'Neill,BOS,121,490,436,109,21,1,22,65,64,45,133,5,12,3,9.20%,27.10%,0.203,0.308,0.251,0.327,0.454,0.781,0.336,108,216.3,3.14,-1.55,0.33
139,Rhys Hoskins,MIL,135,575,496,119,27,1,27,74,79,68,143,6,2,1,11.80%,24.90%,0.22,0.278,0.239,0.336,0.459,0.795,0.343,115,189,3.82,-1.01,0.93
140,Patrick Bailey,SFG,105,405,365,84,18,1,9,40,45,32,107,3,2,1,7.80%,26.50%,0.13,0.297,0.23,0.295,0.36,0.655,0.287,79,356.8,3.13,0.76,0.46
141,Alec Bohm,PHI,141,595,543,149,28,1,16,71,76,40,102,5,4,2,6.80%,17.10%,0.146,0.307,0.273,0.326,0.419,0.745,0.322,101,169.2,2.38,1.64,0.67
142,Josh Lowe,TBR,126,514,467,120,28,3,16,65,65,40,139,3,25,4,7.80%,27.10%,0.177,0.33,0.257,0.317,0.433,0.75,0.322,103,83.4,3.2,0.84,0.86
143,Ryan McMahon,COL,143,596,527,129,27,2,22,75,73,62,172,4,6,3,10.40%,28.80%,0.183,0.319,0.245,0.327,0.429,0.756,0.327,89,227.6,2.51,0.77,0.52
144,Brendan Donovan,STL,123,508,442,122,22,1,10,66,51,50,77,12,6,2,9.90%,15.20%,0.127,0.311,0.275,0.362,0.401,0.763,0.337,113,293.7,3.55,-1.21,0.86
145,Spencer Steer,CIN,138,583,515,132,30,2,20,72,75,55,125,9,9,3,9.40%,21.50%,0.182,0.299,0.256,0.336,0.438,0.774,0.336,105,115.4,3.34,0.8,0.22
146,Christopher Morel,CHC,129,529,476,115,22,3,26,71,73,45,162,4,10,4,8.50%,30.60%,0.223,0.307,0.242,0.311,0.465,0.776,0.331,109,190,1.95,0.22,0.63
147,Colt Keith,DET,117,482,435,112,24,3,14,55,58,39,109,3,3,1,8.10%,22.70%,0.165,0.309,0.257,0.32,0.422,0.742,0.321,103,287.5,2.62,0.52,0.35
148,DJ LeMahieu,NYY,120,512,451,114,19,2,11,61,48,54,95,3,3,1,10.50%,18.50%,0.121,0.297,0.253,0.335,0.375,0.71,0.314,97,340.4,4.31,-1.03,0.45
149,Leody Taveras,TEX,119,473,433,111,23,3,12,57,52,33,107,2,14,4,7.00%,22.70%,0.146,0.312,0.255,0.309,0.401,0.71,0.308,92,270.6,3.4,-1.14,0.69
150,Jorge Soler,SFG,131,556,484,117,22,0,29,71,77,62,140,6,1,0,11.10%,25.20%,0.228,0.276,0.242,0.332,0.47,0.802,0.343,117,170.9,3.36,-0.08,0.97
151,Trent Grisham,NYY,95,370,318,71,15,1,14,48,42,43,101,4,9,2,11.60%,27.20%,0.184,0.277,0.222,0.321,0.406,0.727,0.318,100,520.5,3.52,0.64,0.7
152,Masataka Yoshida,BOS,135,572,515,150,30,2,16,71,73,46,75,7,6,1,8.00%,13.00%,0.16,0.312,0.291,0.354,0.45,0.804,0.347,116,194.5,2.2,-0.32,0.99
153,Orlando Arcia,ATL,127,504,457,115,21,0,17,61,61,39,98,3,2,1,7.80%,19.40%,0.156,0.283,0.251,0.312,0.407,0.719,0.312,93,331.9,4.98,-0.37,0.18
154,Wyatt Langford,TEX,119,506,446,115,24,2,18,64,64,50,111,6,13,4,10.00%,21.90%,0.186,0.304,0.259,0.34,0.445,0.784,0.339,114,149.4,8.42,-0.64,0.32
155,Geraldo Perdomo,ARI,117,447,381,92,16,3,6,55,37,50,84,5,13,4,11.20%,18.80%,0.104,0.292,0.24,0.334,0.344,0.679,0.303,88,424.2,2.66,-0.23,0.95
156,Jake Rogers,DET,97,360,324,70,13,2,16,42,45,29,116,3,2,1,8.00%,32.00%,0.2,0.278,0.217,0.286,0.417,0.703,0.302,90,324.7,3.47,1.36,0.59
157,Austin Hays,BAL,133,550,504,129,28,2,17,67,65,35,123,6,4,2,6.40%,22.40%,0.163,0.305,0.256,0.31,0.419,0.729,0.315,102,316.9,1.92,-0.08,0.16
158,Henry Davis,PIT,116,476,414,101,21,2,15,55,54,48,114,10,9,4,10.10%,24.00%,0.166,0.298,0.243,0.335,0.409,0.744,0.324,101,243.2,2.59,-1.43,0.37
159,Jose Siri,TBR,118,457,422,95,18,3,20,60,57,28,157,4,19,4,6.10%,34.30%,0.198,0.301,0.224,0.277,0.422,0.699,0.299,87,286,2.59,0.1,1
160,Brendan Rodgers,COL,122,513,469,129,27,2,14,62,61,35,99,6,0,0,6.80%,19.30%,0.158,0.321,0.276,0.331,0.433,0.765,0.331,92,335,3.59,-0.84,0.77
161,Jeimer Candelario,CIN,134,559,497,125,29,2,20,71,73,50,127,8,5,1,8.90%,22.70%,0.19,0.296,0.251,0.328,0.441,0.769,0.332,102,215.8,3.09,-0.84,0.37
162,Masyn Winn,STL,120,480,433,106,20,3,10,58,47,34,95,3,13,3,7.10%,19.70%,0.128,0.288,0.244,0.301,0.372,0.674,0.294,83,361,1.83,-2.09,0.72
163,Jarren Duran,BOS,130,526,479,125,30,5,13,71,54,38,133,6,28,5,7.10%,25.30%,0.165,0.335,0.262,0.321,0.427,0.748,0.323,99,149.6,3.22,-0.15,1.19
164,Ryan Mountcastle,BAL,128,537,486,128,23,1,22,66,73,41,129,4,4,1,7.60%,24.00%,0.188,0.311,0.263,0.322,0.451,0.773,0.331,112,245.1,2.93,-2.06,0.45
165,Jake Cronenworth,SDP,139,583,513,126,28,5,14,69,65,52,105,11,5,2,9.00%,17.90%,0.157,0.28,0.246,0.327,0.403,0.729,0.318,100,349.7,1.78,-0.54,0.31
166,Matt Wallner,MIN,111,446,384,89,20,2,17,56,57,49,147,11,3,1,11.00%,33.00%,0.198,0.324,0.232,0.335,0.43,0.765,0.332,112,320.7,3.15,0.54,0.33
167,Alex Verdugo,NYY,125,529,481,128,27,2,13,66,57,40,82,4,4,2,7.50%,15.40%,0.148,0.295,0.267,0.325,0.414,0.74,0.32,101,312,3.12,-0.85,0.53
168,Lourdes Gurriel Jr.,ARI,131,543,501,139,31,2,16,64,70,33,96,5,5,2,6.00%,17.60%,0.167,0.312,0.277,0.326,0.444,0.77,0.331,107,236.1,2.18,0.14,0.69
169,Justin Turner,TOR,121,515,458,118,24,0,15,62,67,43,92,8,3,1,8.40%,17.90%,0.155,0.288,0.258,0.329,0.413,0.742,0.323,107,249.8,4,0.74,0.32
170,Austin Wells,NYY,89,351,314,73,16,1,13,40,46,30,86,4,4,1,8.60%,24.40%,0.178,0.275,0.232,0.305,0.41,0.715,0.309,94,295.4,3.43,0.56,0.59
171,Nolan Schanuel,LAA,117,487,414,110,19,2,9,64,45,62,78,7,3,1,12.80%,16.10%,0.12,0.308,0.266,0.37,0.387,0.757,0.337,113,393.6,3.65,-1.05,0.79
172,Marcell Ozuna,ATL,130,544,490,125,22,1,30,72,83,48,125,3,1,1,8.90%,23.00%,0.23,0.282,0.255,0.324,0.485,0.809,0.345,115,163.9,3.26,-1.14,0.92
173,Mitch Garver,SEA,108,441,383,90,16,0,21,54,59,51,112,5,1,0,11.50%,25.50%,0.206,0.277,0.236,0.331,0.442,0.773,0.334,117,178.6,2.67,0.51,0.5
174,Ezequiel Tovar,COL,146,605,565,149,32,4,16,77,70,30,147,5,13,4,5.00%,24.30%,0.155,0.328,0.263,0.304,0.418,0.723,0.311,79,188.9,4.44,1.17,0.39
175,Christian Encarnacion-Strand,CIN,125,510,465,124,23,2,26,66,79,35,136,7,3,1,6.80%,26.70%,0.225,0.319,0.266,0.325,0.491,0.816,0.347,112,160.1,4.32,-0.1,0.68
176,Jonathan India,CIN,120,513,445,113,24,1,16,69,59,49,109,15,11,3,9.60%,21.10%,0.166,0.299,0.254,0.345,0.421,0.766,0.335,105,279.9,2.6,0.79,0.31
177,Harrison Bader,NYM,105,410,376,92,17,2,11,49,44,25,80,5,20,5,6.10%,19.40%,0.143,0.279,0.244,0.297,0.387,0.684,0.297,85,357,3.78,-1.1,1.12
178,Yan Gomes,CHC,98,366,338,85,16,1,10,38,45,18,71,6,1,1,4.80%,19.40%,0.138,0.289,0.252,0.297,0.39,0.687,0.297,86,358.8,2.06,0.37,0.75
179,Ryan Noda,OAK,125,513,430,94,20,1,18,62,54,69,170,9,5,2,13.50%,33.10%,0.175,0.309,0.218,0.337,0.393,0.729,0.322,109,419.7,2.51,0.97,0.69
180,Luis Urias,SEA,89,346,299,67,13,1,10,38,36,36,80,8,2,1,10.30%,23.20%,0.153,0.271,0.225,0.322,0.378,0.7,0.31,100,595.8,1.99,0,0.62
181,Ty France,SEA,145,602,539,140,28,1,15,70,65,40,102,19,1,0,6.60%,17.00%,0.137,0.295,0.26,0.33,0.397,0.727,0.319,106,311.6,1.54,-0.33,0.45
182,Parker Meadows,DET,123,511,458,105,20,5,13,61,49,44,125,4,15,3,8.50%,24.40%,0.151,0.285,0.23,0.3,0.381,0.682,0.297,86,279.3,2.82,-0.09,0.82
183,Kevin Kiermaier,TOR,105,403,366,89,18,4,7,49,38,29,93,4,11,3,7.30%,23.10%,0.13,0.306,0.244,0.305,0.374,0.678,0.296,88,529.9,3.31,1.41,0.89
184,Jordan Walker,STL,132,545,490,131,25,2,18,66,64,44,124,7,10,3,8.00%,22.80%,0.17,0.323,0.268,0.335,0.438,0.773,0.334,111,125.3,2.43,-0.74,0.37
185,Mark Canha,DET,126,508,436,112,23,2,12,59,55,52,88,15,7,2,10.20%,17.30%,0.141,0.293,0.256,0.352,0.397,0.749,0.331,110,418.8,2,1.23,0.42
186,Jackson Chourio,MIL,127,521,482,122,24,2,15,62,62,31,113,3,21,5,5.90%,21.60%,0.156,0.298,0.253,0.3,0.409,0.709,0.305,90,135.8,2.95,1.01,0.77
187,Lane Thomas,WSN,142,605,550,137,30,3,21,79,70,43,151,7,16,5,7.10%,25.00%,0.18,0.304,0.25,0.31,0.43,0.74,0.319,98,122.8,1.77,-0.22,0.48
188,Eloy Jimenez,CHW,125,522,478,131,23,0,23,60,73,37,107,3,0,0,7.10%,20.40%,0.191,0.307,0.273,0.327,0.465,0.792,0.339,114,232.9,4.44,0.38,0.79
189,Chris Taylor,LAD,101,392,345,80,18,2,13,50,48,40,125,4,11,3,10.10%,31.70%,0.173,0.32,0.231,0.317,0.404,0.721,0.314,97,384.5,3.47,-0.09,0.64
190,Michael Massey,KCR,111,445,407,101,22,1,14,49,54,26,96,6,6,2,5.90%,21.60%,0.163,0.289,0.248,0.3,0.411,0.711,0.306,92,401.2,2.38,-0.04,0.43
191,MJ Melendez,KCR,133,557,488,119,26,4,20,71,65,62,145,3,5,3,11.00%,26.00%,0.195,0.301,0.244,0.329,0.438,0.768,0.331,109,300.1,3.48,-1.65,0.39
192,Junior Caminero,,76,318,292,77,13,1,12,39,43,21,66,3,3,1,6.70%,20.60%,0.175,0.304,0.265,0.319,0.44,0.76,0.327,106,254.2,7.13,0.37,0.94
193,Brandon Drury,LAA,127,527,485,122,25,2,23,65,74,31,130,6,1,1,5.90%,24.80%,0.203,0.295,0.251,0.303,0.454,0.757,0.323,103,218.9,1.83,0.62,0.58
194,Luis Campusano,SDP,111,430,394,103,18,1,13,48,54,27,75,5,0,0,6.30%,17.40%,0.149,0.291,0.261,0.315,0.41,0.725,0.314,97,189.1,2.21,-0.02,0.61
195,Kerry Carpenter,DET,129,534,485,125,23,2,23,66,72,38,131,8,6,2,7.10%,24.50%,0.198,0.306,0.258,0.32,0.456,0.776,0.332,111,233.3,3.02,0.75,0.37
196,Mike Yastrzemski,SFG,118,470,409,94,24,2,17,59,54,51,120,5,4,1,10.90%,25.50%,0.19,0.279,0.229,0.32,0.419,0.74,0.32,102,516.6,1.53,-0.15,0.37
197,Bryan De La Cruz,MIA,138,561,516,137,28,1,20,63,69,37,128,3,4,1,6.60%,22.80%,0.173,0.315,0.266,0.315,0.439,0.754,0.324,102,276.5,3.73,-0.34,0.42
198,Ramon Laureano,CLE,105,436,388,90,20,2,13,53,48,34,117,11,12,3,7.80%,26.90%,0.163,0.297,0.232,0.311,0.395,0.706,0.309,97,447.6,4.55,-0.54,0.67
199,Travis d'Arnaud,ATL,82,324,297,73,15,1,11,39,43,21,74,5,0,0,6.60%,22.80%,0.171,0.29,0.246,0.306,0.417,0.723,0.313,93,392.1,1.85,1.44,0.68
200,Kyle Isbel,KCR,106,399,364,89,20,3,10,50,41,27,83,4,11,3,6.80%,20.90%,0.153,0.289,0.243,0.3,0.396,0.696,0.301,89,523.7,4.86,-1,0.78
201,LaMonte Wade Jr.,SFG,116,471,399,97,17,2,16,58,51,59,91,7,3,1,12.50%,19.30%,0.171,0.274,0.242,0.347,0.413,0.76,0.333,110,394,1.08,-0.11,0.24
202,Dylan Carlson,STL,91,359,314,78,18,2,9,43,39,35,71,6,4,1,9.80%,19.70%,0.152,0.293,0.25,0.333,0.402,0.735,0.321,102,557.3,2.52,-0.71,0.75
203,Brent Rooker,OAK,128,519,458,105,21,1,25,59,67,48,170,9,4,1,9.20%,32.70%,0.21,0.3,0.228,0.312,0.439,0.751,0.323,110,306.2,1.84,0.94,0.84
204,Jon Berti,MIA,94,360,322,84,14,2,5,44,29,31,72,3,19,5,8.60%,20.10%,0.109,0.317,0.26,0.329,0.369,0.698,0.308,91,443.6,2.22,-1.11,1.53
205,Andrew Vaughn,CHW,143,595,541,141,29,1,22,68,76,39,117,9,0,0,6.60%,19.70%,0.179,0.293,0.261,0.32,0.44,0.759,0.327,106,241.4,2.69,-1,0.6
206,Rene Pinto,TBR,101,357,336,77,17,1,14,36,43,16,117,3,1,0,4.50%,32.90%,0.176,0.304,0.228,0.268,0.404,0.671,0.288,79,356.5,1.82,0.27,0.65
207,Brice Turang,MIL,119,462,414,100,18,3,8,51,43,41,94,2,21,4,8.80%,20.40%,0.116,0.293,0.242,0.31,0.358,0.669,0.294,82,333.7,2.54,-0.89,1.18
208,Johan Rojas,PHI,83,303,278,74,14,3,4,38,32,14,68,4,20,3,4.70%,22.60%,0.115,0.336,0.266,0.309,0.381,0.69,0.301,86,363.3,6.94,-0.74,1.64
209,Brayan Rocchio,CLE,92,379,343,85,19,2,6,44,38,28,72,4,10,3,7.30%,19.10%,0.116,0.295,0.247,0.308,0.362,0.671,0.295,88,500.5,3.87,-0.09,0.95
210,Ivan Herrera,STL,53,203,172,42,8,0,4,24,22,24,48,3,2,1,11.80%,23.60%,0.128,0.31,0.245,0.345,0.373,0.717,0.319,101,427.8,1.9,0.1,1.35
211,Jordan Lawlar,,80,304,273,66,13,2,7,39,31,25,77,5,13,3,8.20%,25.20%,0.138,0.31,0.243,0.315,0.381,0.696,0.305,89,346.7,6.17,0.85,1.2
212,Joc Pederson,ARI,109,426,369,93,17,3,18,55,59,46,93,7,1,1,10.90%,21.90%,0.207,0.289,0.253,0.345,0.46,0.805,0.345,116,418.7,2.68,-0.13,0.38
213,Willi Castro,MIN,104,404,363,90,18,3,9,53,39,28,94,8,23,5,6.90%,23.30%,0.14,0.307,0.247,0.313,0.388,0.7,0.306,94,294.2,2.25,0.21,1.31
214,Esteury Ruiz,OAK,123,492,443,110,23,2,8,59,40,30,103,12,54,10,6.10%,20.90%,0.115,0.305,0.248,0.312,0.363,0.674,0.298,92,130.1,1.98,0.88,2.73
215,Luis Garcia Jr.,WSN,115,467,434,119,23,3,10,54,51,25,71,2,7,3,5.50%,15.10%,0.136,0.304,0.273,0.313,0.409,0.722,0.311,93,402.4,3.62,-0.88,0.87
216,J.D. Davis,,86,313,274,68,13,1,10,36,36,31,90,4,1,0,10.00%,28.80%,0.16,0.329,0.248,0.332,0.408,0.74,0.323,103,481.2,5.28,-0.62,0.85
217,Freddy Fermin,KCR,53,196,178,46,8,1,6,22,24,14,42,2,0,0,7.20%,21.60%,0.164,0.3,0.256,0.314,0.42,0.735,0.318,100,410.2,2.37,0.67,1.38
218,Amed Rosario,TBR,96,394,369,100,17,4,7,49,41,19,71,3,10,3,4.90%,18.10%,0.124,0.316,0.27,0.308,0.394,0.702,0.304,91,342.3,4.96,1.17,1.1
219,Jake Meyers,HOU,93,351,318,75,15,2,9,41,37,25,92,5,6,2,7.20%,26.20%,0.143,0.302,0.236,0.301,0.379,0.679,0.297,88,580.3,4.02,-1.38,0.73
220,Nelson Velazquez,KCR,102,403,364,86,17,1,23,51,54,32,122,4,6,2,8.00%,30.20%,0.244,0.284,0.236,0.304,0.48,0.783,0.332,109,286.2,3.38,-0.18,0.71
221,Gio Urshela,DET,78,309,285,78,15,1,6,33,35,18,55,2,2,1,6.00%,17.80%,0.129,0.317,0.275,0.32,0.404,0.724,0.314,98,497.5,1.84,1.36,1.27
222,Luke Raley,SEA,99,390,347,81,15,1,16,49,48,28,123,12,10,2,7.20%,31.50%,0.187,0.307,0.232,0.31,0.419,0.729,0.316,104,334,2.55,0.73,0.63
223,Tim Anderson,MIA,122,523,492,137,23,2,6,62,44,24,110,4,14,4,4.70%,21.10%,0.093,0.345,0.278,0.316,0.37,0.686,0.3,86,314.8,3.55,-0.97,1.3
224,Javier Baez,DET,131,536,499,120,23,3,14,61,60,25,133,8,11,3,4.70%,24.80%,0.142,0.3,0.241,0.287,0.384,0.67,0.29,82,384,2.47,0.72,0.43
225,Pete Crow-Armstrong,,80,266,238,59,11,2,7,36,29,19,76,3,13,3,7.10%,28.40%,0.154,0.333,0.248,0.311,0.402,0.713,0.31,94,405,3.25,0.12,1.32
226,Victor Caratini,HOU,68,250,222,52,8,0,7,26,28,21,53,4,1,0,8.40%,21.00%,0.131,0.278,0.237,0.312,0.368,0.68,0.298,89,548.5,2.16,2.95,1.1
227,Andrew Benintendi,CHW,135,573,513,137,27,2,8,67,50,51,87,3,11,3,8.90%,15.20%,0.11,0.306,0.267,0.335,0.377,0.711,0.312,96,365.1,2.51,-0.04,0.88
228,J.D. Martinez,,104,467,421,108,24,1,21,59,71,38,130,3,1,0,8.10%,27.90%,0.217,0.316,0.256,0.32,0.473,0.793,0.337,113,259.3,3.97,0.5,0.57
229,Starling Marte,NYM,116,485,442,116,20,3,11,60,48,29,96,10,26,7,6.00%,19.80%,0.131,0.31,0.262,0.321,0.393,0.714,0.312,96,220.2,3.63,0.25,1.27
230,Christian Bethancourt,MIA,82,297,279,67,13,0,10,34,33,14,74,2,2,1,4.60%,25.00%,0.153,0.291,0.24,0.277,0.393,0.67,0.288,78,466.6,1.56,-0.14,0.87
231,Wilmer Flores,SFG,96,382,339,87,17,1,14,45,48,34,57,5,0,0,9.00%,14.90%,0.18,0.267,0.255,0.33,0.436,0.765,0.331,109,369.2,2.69,-0.59,0.62
232,Will Benson,CIN,111,423,360,82,17,4,13,57,44,54,130,4,17,4,12.80%,30.70%,0.178,0.316,0.229,0.335,0.407,0.742,0.325,98,305.5,2.76,0.4,0.92
233,Marco Luciano,SFG,107,418,373,84,17,1,11,45,43,39,132,3,5,1,9.40%,31.60%,0.14,0.312,0.224,0.302,0.364,0.666,0.293,83,473.7,3.77,-0.26,0.52
234,Seth Brown,OAK,118,460,416,96,21,2,20,51,62,38,124,3,6,2,8.20%,26.90%,0.202,0.277,0.23,0.297,0.432,0.73,0.312,102,478.8,2.33,-0.87,0.6
235,Michael A. Taylor,,89,345,314,72,12,1,12,41,40,24,103,3,8,2,7.10%,29.90%,0.163,0.301,0.231,0.291,0.394,0.685,0.297,86,607.1,3.78,-0.06,0.77
236,Anthony Rizzo,NYY,120,509,444,105,18,1,21,63,64,47,104,15,3,2,9.20%,20.50%,0.186,0.264,0.238,0.329,0.423,0.753,0.327,106,270.7,3.08,-0.22,0.45
237,Joey Ortiz,MIL,87,322,295,76,16,2,6,38,35,21,66,3,5,1,6.40%,20.40%,0.127,0.309,0.257,0.308,0.384,0.692,0.3,86,438.7,2.69,1.75,1.05
238,Nick Madrigal,CHC,74,282,258,72,13,2,1,32,25,15,27,6,7,2,5.40%,9.70%,0.075,0.31,0.281,0.334,0.356,0.69,0.306,92,714.7,2.92,0.28,1.64
239,Jose Caballero,TBR,77,273,233,53,11,1,5,34,25,29,63,8,21,4,10.60%,23.10%,0.122,0.285,0.227,0.329,0.348,0.678,0.304,91,374,2.65,0.51,1.65
240,Myles Straw,CLE,111,431,386,95,18,2,2,48,30,37,76,2,17,4,8.70%,17.60%,0.069,0.301,0.247,0.314,0.316,0.631,0.283,79,639.8,3.02,-0.06,1.42
241,Ramon Urias,BAL,73,281,253,63,13,1,6,31,30,21,68,5,2,1,7.30%,24.20%,0.131,0.314,0.249,0.315,0.38,0.695,0.305,95,696.4,2.38,1.04,1.08
242,Alex Kirilloff,MIN,95,378,339,90,17,1,12,45,48,29,88,6,2,1,7.80%,23.30%,0.169,0.321,0.265,0.332,0.433,0.765,0.331,112,342.5,3.65,0.11,0.76
243,Matt Vierling,DET,100,404,365,94,17,3,8,47,38,31,83,4,7,3,7.70%,20.60%,0.129,0.311,0.258,0.321,0.387,0.707,0.309,95,444.3,3.59,0.1,0.89
244,Michael Conforto,SFG,115,470,407,101,19,0,14,56,55,51,104,8,3,1,10.90%,22.20%,0.156,0.295,0.247,0.341,0.403,0.744,0.325,105,419.2,2.64,-1.72,0.18
245,Miguel Amaya,CHC,65,234,203,46,10,0,7,25,26,22,63,7,1,0,9.20%,26.80%,0.153,0.287,0.225,0.317,0.378,0.694,0.306,92,474,1.22,-0.24,1.08
246,Wilyer Abreu,BOS,94,371,324,78,17,1,12,47,44,43,97,2,9,3,11.50%,26.20%,0.168,0.308,0.242,0.333,0.411,0.744,0.325,100,379.9,5.14,0.02,0.65
247,Connor Wong,BOS,101,363,334,79,18,1,11,42,39,21,111,4,6,2,5.70%,30.60%,0.158,0.319,0.237,0.287,0.395,0.683,0.295,79,340.3,2.1,-0.45,0.69
248,Jake Fraley,CIN,106,409,357,90,18,1,15,52,54,43,87,5,16,4,10.60%,21.30%,0.178,0.292,0.252,0.339,0.43,0.769,0.333,104,340.6,3.33,-0.37,0.78
249,Josh Bell,MIA,141,593,519,132,25,1,20,68,73,65,116,4,0,0,10.90%,19.50%,0.171,0.289,0.255,0.34,0.425,0.765,0.332,107,285.5,1.75,0.57,0.49
250,Nick Fortes,MIA,84,297,269,62,12,1,8,32,30,19,54,6,4,2,6.50%,18.20%,0.139,0.26,0.231,0.295,0.37,0.665,0.291,80,484.4,2.37,0.17,0.95
251,Jose Abreu,HOU,137,583,521,133,26,1,18,68,79,46,120,9,0,0,7.90%,20.60%,0.156,0.297,0.256,0.324,0.412,0.736,0.32,104,289.9,2.21,-0.41,0.61
252,Jesus Sanchez,MIA,115,449,404,100,20,3,17,52,56,38,117,4,3,1,8.50%,26.00%,0.188,0.304,0.247,0.317,0.435,0.752,0.324,102,403.3,2.09,0.62,0.35
253,Ceddanne Rafaela,BOS,99,381,356,91,20,3,9,49,43,17,91,5,14,4,4.50%,24.00%,0.15,0.315,0.255,0.295,0.405,0.7,0.301,84,361.6,4.62,-0.21,0.96
254,JJ Bleday,OAK,113,450,389,83,19,2,14,49,46,54,112,3,6,2,12.10%,25.00%,0.168,0.258,0.213,0.312,0.381,0.693,0.305,97,577.6,1.2,-1.16,0.65
255,Darell Hernaiz,OAK,83,340,312,78,16,2,5,35,31,21,59,3,8,2,6.10%,17.40%,0.106,0.291,0.249,0.299,0.355,0.654,0.287,84,531.7,1.64,-0.58,1.15
256,Yasmani Grandal,PIT,81,306,263,60,11,0,7,29,30,37,65,3,0,0,12.20%,21.20%,0.123,0.272,0.227,0.326,0.35,0.676,0.302,86,494.1,1.83,0.32,0.88
257,Drew Waters,KCR,83,314,283,68,15,3,8,39,32,26,97,3,12,3,8.20%,30.80%,0.163,0.33,0.239,0.307,0.402,0.709,0.308,93,503.7,3.93,-0.15,1.11
258,Brett Baty,NYM,108,428,384,91,16,0,12,48,48,37,115,4,2,1,8.60%,26.90%,0.142,0.306,0.238,0.31,0.38,0.69,0.303,90,369.1,2.39,-0.08,0.32
259,Jared Triolo,PIT,78,316,280,71,15,1,5,37,30,31,81,2,9,2,9.90%,25.70%,0.114,0.337,0.252,0.331,0.367,0.698,0.309,91,527.8,5.24,1.13,1.21
260,Jarred Kelenic,ATL,120,485,433,105,25,2,16,62,60,45,136,3,14,4,9.40%,28.10%,0.179,0.312,0.242,0.317,0.421,0.738,0.318,97,211.8,2.07,-0.73,0.49
261,Cavan Biggio,TOR,94,358,307,69,15,1,9,46,37,43,94,5,5,1,12.10%,26.20%,0.144,0.292,0.226,0.328,0.37,0.699,0.31,97,457.3,1.96,-0.12,0.6
262,Christian Vazquez,MIN,76,283,261,63,12,0,5,28,28,18,57,2,2,1,6.40%,20.10%,0.102,0.29,0.241,0.293,0.344,0.637,0.28,76,499.1,0.66,0.44,1.09
263,Tom Murphy,SFG,55,200,179,43,8,0,8,23,23,18,56,2,0,0,9.10%,28.20%,0.175,0.309,0.243,0.316,0.418,0.734,0.319,100,522,1.92,0.05,1.29
264,Jason Heyward,LAD,96,354,317,78,16,1,11,44,40,31,66,4,3,1,8.60%,18.70%,0.162,0.277,0.246,0.318,0.408,0.726,0.316,98,553.2,2.98,-1.36,0.63
265,Tommy Pham,,110,448,396,98,20,2,13,57,50,45,106,4,14,4,10.00%,23.60%,0.158,0.303,0.248,0.327,0.406,0.733,0.32,101,349.5,2,-0.58,0.64
266,Nick Castellanos,PHI,144,614,568,149,32,1,24,75,86,36,156,4,8,2,5.90%,25.40%,0.189,0.318,0.263,0.31,0.452,0.761,0.325,103,109.6,2.2,0.4,0.53
267,Carson Kelly,DET,73,264,235,52,11,0,6,26,26,24,59,3,1,0,9.10%,22.50%,0.125,0.268,0.222,0.299,0.347,0.646,0.286,79,677.5,1.34,-0.78,1.01
268,Brandon Belt,,74,320,272,63,12,1,14,40,39,42,100,3,1,0,13.30%,31.20%,0.208,0.303,0.23,0.339,0.437,0.776,0.337,113,599.2,1.4,-0.23,0.65
269,Gabriel Arias,CLE,84,301,272,63,13,1,9,33,31,23,87,3,3,2,7.50%,28.90%,0.147,0.307,0.232,0.296,0.379,0.675,0.295,87,559.9,5.16,-1.07,0.91
270,Mitch Haniger,SEA,110,453,408,95,18,1,19,53,57,36,118,6,1,0,7.90%,26.00%,0.187,0.278,0.233,0.301,0.421,0.722,0.311,101,390,3.35,-1.45,0.43
271,Josh Rojas,SEA,81,308,273,65,14,1,5,36,29,29,69,1,10,2,9.30%,22.40%,0.114,0.298,0.239,0.311,0.353,0.664,0.293,88,484.4,2.1,0.42,1.16
272,Hunter Renfroe,KCR,116,479,434,106,24,0,19,56,62,37,105,3,1,0,7.80%,22.00%,0.192,0.277,0.244,0.306,0.436,0.742,0.319,101,373.2,3.23,-0.31,0.4
273,Patrick Wisdom,CHC,80,307,272,57,11,0,18,40,45,29,110,4,4,2,9.60%,35.70%,0.238,0.27,0.21,0.294,0.448,0.743,0.318,100,591.4,3.3,0.73,0.76
274,Mike Tauchman,CHC,74,288,247,60,13,1,5,38,29,35,67,3,5,1,12.30%,23.40%,0.124,0.308,0.242,0.341,0.366,0.707,0.315,98,663.3,2.2,1.1,1.02
275,Kyle Farmer,MIN,73,278,253,63,12,1,6,32,31,16,57,6,2,1,5.60%,20.60%,0.13,0.293,0.247,0.305,0.377,0.682,0.298,89,486.5,2.09,0.17,1.03
276,Andy Ibanez,DET,72,275,252,64,14,1,7,30,30,19,48,2,2,1,6.90%,17.40%,0.147,0.288,0.255,0.311,0.401,0.712,0.31,95,652.8,1.73,0.17,1.14
277,Noelvi Marte,CIN,55,223,201,54,11,1,6,28,25,18,46,2,8,2,7.90%,20.80%,0.153,0.316,0.266,0.329,0.419,0.748,0.324,97,190.2,8.18,0.76,1.48
278,Santiago Espinal,TOR,73,264,241,63,13,0,3,29,25,19,38,2,4,2,7.20%,14.50%,0.098,0.297,0.261,0.319,0.359,0.678,0.299,89,732.3,2.82,0.6,1.36
279,Abraham Toro,OAK,93,330,297,69,16,1,8,34,35,26,66,4,3,1,7.80%,19.90%,0.137,0.272,0.232,0.301,0.369,0.67,0.293,89,655.2,2.05,-2.07,0.81
280,Max Stassi,CHW,60,229,203,43,8,1,7,23,23,21,67,3,0,0,9.30%,29.30%,0.144,0.276,0.211,0.293,0.355,0.648,0.287,78,602.7,1.91,-0.83,1.07
281,Manuel Margot,MIN,86,337,309,81,17,2,6,40,37,22,56,3,9,3,6.60%,16.50%,0.122,0.304,0.264,0.316,0.386,0.702,0.306,94,616.1,2.24,0.8,1.17
282,Isiah Kiner-Falefa,TOR,88,339,309,79,13,1,4,38,30,22,56,4,13,4,6.50%,16.50%,0.088,0.299,0.256,0.311,0.344,0.656,0.29,83,506.3,2.56,0.37,1.36
283,Dylan Moore,SEA,64,215,187,39,9,1,7,27,22,22,66,5,11,4,10.00%,30.70%,0.172,0.278,0.208,0.307,0.381,0.688,0.303,95,712.3,2.56,0.52,1.38
284,Jose Trevino,NYY,75,268,251,59,11,1,6,27,29,12,45,2,1,1,4.50%,16.80%,0.124,0.261,0.235,0.274,0.358,0.632,0.275,70,542.2,1.66,-0.94,1.03
285,Garrett Mitchell,MIL,93,381,340,82,15,2,9,47,37,33,116,4,13,3,8.60%,30.50%,0.136,0.334,0.24,0.312,0.376,0.688,0.302,87,392.4,4.8,0.33,0.97
286,Jorge Mateo,BAL,60,218,201,47,10,2,5,29,21,12,55,2,16,3,5.50%,25.20%,0.14,0.294,0.232,0.28,0.372,0.653,0.283,80,505.1,3.35,1.48,1.63
287,Colson Montgomery,CHW,52,214,186,44,8,1,5,24,21,22,50,4,1,0,10.20%,23.40%,0.132,0.291,0.234,0.325,0.366,0.691,0.305,91,999,1.09,-0.03,1.25
288,Ryan O'Hearn,BAL,101,380,351,91,17,1,15,45,53,22,90,3,3,1,5.90%,23.70%,0.182,0.307,0.259,0.308,0.441,0.749,0.32,105,406.9,3.33,-0.86,0.65
289,Sean Bouchard,COL,100,346,302,77,18,2,12,47,43,38,94,3,6,2,11.00%,27.00%,0.197,0.323,0.254,0.34,0.451,0.792,0.342,99,457.8,3.19,0.63,0.72
290,Elias Diaz,COL,116,447,411,105,21,1,13,46,55,30,96,2,1,0,6.70%,21.40%,0.152,0.3,0.255,0.307,0.407,0.714,0.309,77,254.8,3.26,-0.21,0.53
291,Luke Maile,CIN,61,200,179,41,9,0,5,20,22,16,52,3,1,1,8.10%,26.10%,0.138,0.293,0.229,0.304,0.367,0.671,0.296,78,722.1,1.26,-0.87,1.3
292,Ezequiel Duran,TEX,77,295,273,69,15,1,9,36,34,16,77,3,6,2,5.50%,26.10%,0.165,0.32,0.254,0.303,0.419,0.722,0.311,94,340.3,3.02,-0.04,1.06
293,Zach McKinstry,DET,89,347,311,73,15,3,7,40,31,29,78,3,9,3,8.30%,22.40%,0.14,0.29,0.236,0.306,0.376,0.682,0.299,88,436.7,1.82,-0.4,1
294,Miguel Rojas,LAD,67,258,237,60,12,1,4,29,24,15,32,3,5,2,5.90%,12.50%,0.105,0.276,0.252,0.303,0.357,0.66,0.289,80,733.1,3.64,-0.71,1.32
295,Austin Slater,SFG,71,241,212,54,10,1,6,31,24,25,66,3,6,2,10.20%,27.40%,0.145,0.337,0.253,0.338,0.398,0.736,0.324,104,749.2,1.69,-0.36,1.32
296,Victor Robles,WSN,95,353,311,75,16,2,5,40,29,25,77,10,15,4,6.90%,21.70%,0.113,0.299,0.24,0.313,0.352,0.666,0.295,82,555.2,5.49,-0.99,1.29
297,Andruw Monasterio,MIL,71,273,241,59,12,1,4,31,25,27,61,3,7,2,9.80%,22.40%,0.109,0.311,0.247,0.325,0.355,0.681,0.302,88,641,3.42,0.13,1.28
298,Tyler Black,MIL,67,248,214,51,11,2,5,31,25,28,57,4,11,3,11.30%,22.90%,0.147,0.301,0.24,0.337,0.388,0.725,0.32,99,999,3.4,0.32,1.38
299,Omar Narvaez,NYM,65,234,206,48,9,1,4,22,20,22,46,2,0,0,9.50%,19.70%,0.11,0.276,0.232,0.311,0.342,0.653,0.29,81,717.1,1.87,-0.31,1.25
300,Liover Peguero,PIT,105,408,378,92,17,2,10,45,42,24,107,2,13,3,5.90%,26.10%,0.138,0.312,0.244,0.291,0.381,0.673,0.292,79,402,1.42,-0.13,0.91
301,Jake McCarthy,ARI,63,236,212,55,10,3,3,30,21,18,48,4,17,3,7.60%,20.50%,0.121,0.32,0.258,0.325,0.379,0.704,0.31,93,460.6,6.75,-0.21,1.78
302,Akil Baddoo,DET,73,276,244,57,11,3,7,34,26,30,69,1,11,3,10.80%,25.00%,0.152,0.295,0.233,0.317,0.385,0.702,0.307,94,692.6,3.74,-0.28,1.23
303,Tyler Freeman,CLE,45,160,144,38,8,1,3,19,16,10,24,5,4,1,6.00%,15.20%,0.114,0.302,0.266,0.33,0.38,0.71,0.313,100,714.9,3,-0.74,1.69
304,Connor Joe,PIT,91,366,318,77,17,2,8,44,35,40,82,6,3,2,11.00%,22.30%,0.145,0.297,0.241,0.335,0.387,0.722,0.319,98,593.5,1.04,-1.11,0.71
305,James McCann,BAL,57,209,191,44,8,0,5,22,22,13,54,3,2,1,6.00%,25.70%,0.125,0.293,0.233,0.288,0.358,0.646,0.283,79,672,1.7,-0.6,1.29
306,Edmundo Sosa,PHI,62,219,202,50,10,2,5,26,24,8,52,6,4,1,3.80%,23.70%,0.144,0.305,0.247,0.296,0.391,0.688,0.299,85,744.9,3.06,0.53,1.31
307,Reese McGuire,BOS,71,247,226,56,12,1,2,23,20,14,57,2,2,1,5.60%,23.00%,0.095,0.315,0.246,0.294,0.34,0.634,0.279,68,725.2,1.19,1.17,1.36
308,Nick Allen,OAK,81,294,267,62,12,1,3,28,20,18,50,2,6,2,6.30%,17.10%,0.089,0.275,0.233,0.286,0.322,0.608,0.269,72,724.4,3.61,-0.4,1.27
309,Gary Sanchez,MIL,69,268,237,51,9,0,14,30,38,25,74,4,1,0,9.30%,27.40%,0.213,0.245,0.214,0.298,0.427,0.725,0.313,95,371.5,3.32,-0.07,0.82
310,Jakob Marsee,SDP,50,201,174,40,8,1,5,25,18,23,46,2,8,2,11.30%,22.80%,0.144,0.283,0.232,0.327,0.375,0.703,0.311,95,999,2.45,-1.3,1.45
311,Josh Smith,TEX,50,178,152,35,7,1,4,21,16,18,39,5,3,1,10.10%,22.10%,0.136,0.279,0.229,0.326,0.365,0.691,0.307,92,736.1,3.2,-0.17,1.43
312,Estevan Florial,CLE,72,278,247,55,12,1,8,33,29,26,91,2,11,3,9.50%,32.70%,0.152,0.317,0.224,0.302,0.375,0.678,0.296,89,566.2,1.49,1.16,1.16
313,Mauricio Dubon,HOU,86,332,309,80,15,1,7,41,34,16,49,2,5,2,4.90%,14.70%,0.121,0.287,0.26,0.3,0.381,0.681,0.295,87,486.3,2.15,1.48,1.03
314,Kyle Higashioka,SDP,62,215,198,43,9,0,8,21,27,13,56,1,0,0,5.90%,26.20%,0.166,0.261,0.219,0.267,0.385,0.652,0.281,74,575,2.95,-0.34,1.12
315,Brenton Doyle,COL,120,461,427,99,18,4,13,55,49,24,154,4,19,4,5.30%,33.50%,0.153,0.328,0.233,0.279,0.386,0.665,0.287,62,378.2,2.75,-0.51,0.97
316,Nicky Lopez,CHW,106,392,348,85,13,2,2,43,27,32,59,4,11,3,8.10%,15.00%,0.066,0.287,0.244,0.313,0.31,0.623,0.28,74,596.5,1.97,1.31,1.23
317,Taylor Walls,TBR,68,263,229,47,11,1,5,31,24,30,68,1,11,3,11.50%,25.80%,0.125,0.269,0.207,0.302,0.332,0.634,0.284,76,544.5,2.54,-0.48,1.25
318,Tyrone Taylor,NYM,81,299,276,64,14,2,11,37,38,16,70,5,7,2,5.30%,23.40%,0.184,0.271,0.233,0.286,0.417,0.703,0.302,89,590.7,3.25,-0.65,0.83
319,Adam Frazier,KCR,84,325,294,76,16,2,4,38,31,23,43,4,7,3,7.20%,13.40%,0.106,0.29,0.258,0.319,0.365,0.684,0.301,88,600.6,2.53,0.87,1.19
320,Enrique Hernandez,LAD,85,344,310,73,16,1,9,40,40,27,65,4,2,1,7.70%,19.00%,0.146,0.268,0.236,0.3,0.382,0.682,0.297,86,539.8,2.86,0.04,0.59
321,Edward Olivares,PIT,90,351,321,84,17,2,10,43,37,22,63,6,9,3,6.10%,18.00%,0.158,0.299,0.263,0.318,0.421,0.739,0.32,98,442.1,3.45,-0.9,1.05
322,Giancarlo Stanton,NYY,104,435,385,87,14,0,26,52,67,45,127,2,0,0,10.30%,29.30%,0.237,0.262,0.226,0.309,0.464,0.773,0.329,107,291.9,2.66,-0.51,0.95
323,Joey Gallo,WSN,102,391,330,62,11,1,21,47,50,56,151,4,2,1,14.30%,38.60%,0.228,0.257,0.187,0.31,0.416,0.726,0.316,97,507.8,2.55,-0.92,1.06
324,Jackson Merrill,SDP,96,395,365,93,19,2,8,45,43,23,64,2,8,2,5.80%,16.10%,0.128,0.286,0.254,0.3,0.381,0.681,0.296,85,999,5.23,-1.56,0.84
325,Brandon Crawford,STL,58,218,194,45,9,1,6,24,25,19,50,3,2,1,8.50%,23.00%,0.14,0.282,0.233,0.306,0.373,0.678,0.296,85,732.8,3.83,0.52,1.19
326,Kris Bryant,COL,115,489,434,115,25,1,17,63,55,45,100,7,2,1,9.20%,20.40%,0.176,0.307,0.265,0.342,0.441,0.783,0.34,98,272.8,3.17,-0.27,0.48
327,Adam Duvall,ATL,85,360,328,73,15,1,19,44,53,24,112,5,3,1,6.70%,30.90%,0.224,0.27,0.222,0.283,0.446,0.729,0.31,95,452.2,4.2,0.5,0.62
328,Michael Busch,CHC,95,371,327,77,17,1,12,44,44,35,102,5,2,1,9.30%,27.50%,0.172,0.302,0.236,0.317,0.408,0.725,0.316,98,363.2,3.73,0.25,0.47
329,Will Brennan,CLE,72,279,258,70,15,1,4,29,29,15,38,3,7,2,5.50%,13.50%,0.103,0.304,0.272,0.317,0.375,0.692,0.302,92,614.3,7.04,-0.11,1.5
330,Donovan Solano,,79,300,268,73,15,0,5,31,29,22,63,6,0,0,7.40%,21.10%,0.11,0.336,0.271,0.339,0.38,0.72,0.318,100,731.5,1.38,0.13,1.31
331,Kyle Manzardo,CLE,97,400,350,81,20,1,13,42,47,41,84,3,1,0,10.30%,21.00%,0.171,0.264,0.23,0.314,0.401,0.715,0.311,99,380.3,5.2,-0.7,0.43
332,Miguel Vargas,LAD,50,195,173,43,9,1,5,25,23,20,40,1,3,1,10.00%,20.30%,0.152,0.294,0.25,0.329,0.402,0.731,0.319,101,492.5,7.79,0.58,1.35
333,Jasson Dominguez,NYY,42,179,159,38,7,1,5,24,21,18,47,1,7,2,10.10%,26.40%,0.158,0.309,0.242,0.322,0.399,0.721,0.314,97,415.5,3.82,-0.11,1.46
334,Luis Matos,SFG,76,292,266,70,14,1,5,34,30,21,37,3,10,2,7.10%,12.80%,0.125,0.289,0.264,0.322,0.39,0.712,0.311,95,501,6.92,0.67,1.36
335,Lawrence Butler,OAK,86,327,299,69,14,1,10,34,34,23,86,2,7,2,7.00%,26.30%,0.155,0.289,0.232,0.288,0.387,0.675,0.292,88,603.6,2.16,-0.07,0.92
336,Paul DeJong,CHW,94,361,328,67,13,0,13,37,39,24,107,5,4,2,6.80%,29.80%,0.162,0.257,0.204,0.268,0.366,0.635,0.276,72,554.4,2.41,0.07,0.74
337,Alex Jackson,TBR,40,153,139,29,6,0,6,16,18,9,50,3,0,0,6.10%,32.90%,0.172,0.28,0.21,0.271,0.382,0.654,0.283,76,748.6,1.19,0.99,1.36
338,Dominic Canzone,SEA,79,295,272,66,15,1,10,35,36,19,58,2,3,1,6.30%,19.70%,0.168,0.275,0.244,0.297,0.413,0.71,0.306,97,663.5,5.68,0.28,0.9
339,Joey Wiemer,MIL,73,270,242,55,12,1,8,32,31,23,75,3,8,2,8.50%,27.80%,0.16,0.291,0.228,0.3,0.387,0.687,0.3,86,540.1,3.61,1.31,1.07
340,Jean Segura,CLE,42,162,149,39,6,1,3,19,15,11,25,2,4,1,6.50%,15.10%,0.112,0.295,0.262,0.318,0.374,0.692,0.304,90,747.3,3.39,-0.41,1.68
341,Heston Kjerstad,BAL,63,245,224,58,12,1,7,29,27,16,57,4,1,1,6.30%,23.30%,0.161,0.313,0.258,0.316,0.419,0.735,0.318,104,519.5,6.6,1.33,1.23
342,Rob Refsnyder,BOS,59,209,180,47,10,1,4,26,22,23,47,4,4,1,11.00%,22.60%,0.128,0.329,0.26,0.352,0.389,0.741,0.328,102,999,2.88,-0.06,1.44
343,Curtis Mead,TBR,52,213,191,49,12,0,5,24,24,17,43,3,2,1,8.10%,20.10%,0.149,0.303,0.257,0.326,0.406,0.732,0.319,100,505.5,6.58,0.69,1.38
344,Brian Anderson,SEA,38,154,136,30,6,0,4,17,16,14,43,3,1,0,9.30%,27.90%,0.133,0.294,0.223,0.309,0.356,0.666,0.296,90,750.2,4.94,0.42,1.44
345,Andrew Knizner,TEX,50,183,165,37,7,0,6,20,20,13,43,3,1,0,7.00%,23.70%,0.143,0.27,0.225,0.291,0.368,0.659,0.289,79,657.4,3.03,2.07,1.31
346,Oswald Peraza,NYY,51,202,184,43,8,1,5,24,20,14,47,3,7,2,6.90%,23.30%,0.124,0.289,0.234,0.299,0.358,0.657,0.29,81,623.5,5.16,-1.61,1.42
347,Matt Thaiss,LAA,52,184,161,35,6,0,5,19,19,20,48,2,1,0,10.70%,26.00%,0.135,0.271,0.216,0.307,0.35,0.657,0.291,81,683.3,1.41,1.6,1.3
348,Joshua Palacios,PIT,75,278,251,64,11,1,8,32,32,19,57,4,6,2,6.70%,20.60%,0.148,0.301,0.256,0.316,0.404,0.72,0.314,94,645.3,2.3,-0.23,1.19
349,Carlos Santana,MIN,115,486,423,97,19,1,15,55,58,57,85,2,3,1,11.80%,17.40%,0.152,0.251,0.229,0.321,0.381,0.702,0.309,97,417.9,4.3,0.4,0.33
350,Riley Adams,WSN,48,177,158,35,8,1,5,17,19,14,54,4,0,0,8.10%,30.40%,0.157,0.301,0.222,0.301,0.38,0.68,0.298,85,726.7,1.86,0.07,1.35
351,Rowdy Tellez,PIT,106,414,367,87,17,1,18,44,58,40,88,3,1,0,9.60%,21.40%,0.197,0.262,0.237,0.315,0.434,0.749,0.321,99,438.5,2.65,-0.1,0.58
352,Whit Merrifield,PHI,104,432,398,104,21,1,8,52,45,27,72,2,18,5,6.10%,16.70%,0.115,0.297,0.26,0.306,0.375,0.681,0.296,83,271.8,5.38,0.7,1.11
353,Kolten Wong,,45,164,147,35,7,0,3,20,16,12,31,3,3,1,7.50%,18.80%,0.118,0.282,0.24,0.31,0.358,0.667,0.295,88,999,5.98,0.21,1.5
354,Harold Ramirez,TBR,77,306,284,80,15,1,7,34,38,15,54,5,3,1,4.80%,17.50%,0.131,0.324,0.282,0.325,0.412,0.737,0.319,101,609.9,5.23,0.43,1.32
355,Ji Hwan Bae,PIT,69,265,238,60,12,2,2,34,22,22,59,2,14,4,8.20%,22.30%,0.096,0.324,0.252,0.319,0.348,0.667,0.296,82,521.2,2.62,1.88,1.59
356,Andrew McCutchen,PIT,108,459,393,95,19,1,13,54,50,59,99,4,8,2,12.80%,21.70%,0.149,0.289,0.242,0.343,0.391,0.734,0.324,101,574.8,1.4,-0.64,0.4
357,Xavier Edwards,MIA,33,119,107,29,5,0,1,14,10,9,16,1,5,1,7.90%,13.80%,0.082,0.314,0.274,0.335,0.357,0.692,0.307,90,633.9,3.96,0.81,1.91
358,Colton Cowser,BAL,69,261,225,53,11,0,6,32,26,29,77,4,4,1,11.10%,29.70%,0.125,0.326,0.234,0.329,0.359,0.689,0.307,96,487.2,3.02,1.03,1.05
359,Garrett Hampson,KCR,62,215,193,47,9,1,3,26,18,17,53,2,7,2,7.90%,24.80%,0.107,0.321,0.245,0.31,0.352,0.662,0.292,83,664.2,2.89,2.93,1.5
360,Kevin Smith,NYY,28,86,79,16,3,0,3,9,9,5,27,1,2,1,5.40%,31.50%,0.15,0.268,0.203,0.25,0.353,0.603,0.261,61,999,3.07,0.16,1.74
361,Lenyn Sosa,,64,241,226,55,11,0,8,24,26,11,55,1,1,1,4.40%,22.70%,0.154,0.286,0.243,0.279,0.397,0.676,0.29,81,747.8,2.56,-0.66,1.21
362,Dominic Fletcher,CHW,99,397,360,86,17,3,8,43,38,27,94,4,4,2,6.90%,23.70%,0.128,0.301,0.239,0.299,0.368,0.667,0.291,82,604.6,2.68,0.43,0.64
363,Elvis Andrus,,36,139,128,33,6,0,2,16,14,9,24,1,5,1,6.30%,17.20%,0.105,0.297,0.255,0.306,0.36,0.666,0.292,81,704.7,8.07,0.15,1.74
364,Jordan Diaz,,60,227,212,53,10,0,6,21,25,12,46,2,0,0,5.20%,20.10%,0.141,0.289,0.25,0.293,0.391,0.684,0.296,91,576.2,3.76,0.66,1.33
365,Aledmys Diaz,OAK,72,274,252,60,13,0,6,25,27,15,50,4,1,0,5.40%,18.40%,0.125,0.274,0.238,0.29,0.363,0.652,0.284,83,732.2,2.42,-0.08,1.11
366,Coby Mayo,BAL,27,109,96,23,5,0,4,12,13,11,29,1,1,0,9.90%,26.90%,0.168,0.302,0.238,0.322,0.406,0.728,0.318,104,999,2.68,0.3,1.69
367,Austin Barnes,LAD,51,186,164,35,6,0,4,20,17,17,40,2,2,1,9.20%,21.70%,0.108,0.259,0.214,0.295,0.322,0.617,0.276,72,742.8,2.11,0.14,1.32
368,Rougned Odor,,54,157,141,31,7,0,5,18,18,13,38,3,2,1,8.20%,23.90%,0.17,0.254,0.216,0.293,0.387,0.68,0.297,85,999,1.49,-1.95,1.37
369,Evan Longoria,,48,174,156,36,7,0,7,20,23,15,50,1,0,0,8.80%,28.80%,0.181,0.289,0.23,0.302,0.411,0.713,0.308,93,999,2.11,-0.15,1.3
370,Matt Shaw,CHC,32,100,92,24,4,0,2,12,10,4,19,1,5,1,4.40%,19.20%,0.137,0.296,0.257,0.295,0.394,0.689,0.295,84,999,3.15,0.5,1.89
371,Jonny DeLuca,TBR,58,204,184,43,9,1,7,24,24,15,43,3,4,1,7.40%,21.10%,0.174,0.264,0.232,0.297,0.406,0.703,0.303,90,600,3.23,0.32,1.28
372,Dairon Blanco,KCR,32,95,87,22,4,1,2,12,9,6,23,1,11,2,6.70%,24.50%,0.133,0.332,0.256,0.316,0.39,0.706,0.308,93,656.2,2.99,0.68,2.05
373,Michael Stefanic,LAA,31,106,94,25,4,0,1,11,9,9,13,2,1,1,8.90%,12.30%,0.076,0.302,0.267,0.344,0.343,0.687,0.309,93,999,4.51,1.01,1.88
374,Randal Grichuk,ARI,70,278,258,65,14,1,9,33,34,16,61,3,1,1,5.60%,21.80%,0.168,0.293,0.251,0.299,0.419,0.718,0.309,92,636.9,3.28,0.52,1
375,Brooks Lee,MIN,31,124,113,28,7,0,2,14,13,9,24,1,1,0,7.20%,19.20%,0.127,0.289,0.245,0.303,0.373,0.675,0.295,87,999,1.15,-0.21,1.68
376,Alexander Canario,CHC,35,130,119,27,6,0,5,15,17,10,41,1,2,0,7.40%,31.40%,0.182,0.299,0.227,0.287,0.409,0.696,0.3,88,738.4,6.16,0.79,1.53
377,Alex Call,WSN,42,156,136,31,7,0,5,17,15,17,30,2,3,1,11.00%,19.20%,0.154,0.257,0.226,0.318,0.38,0.699,0.308,91,749.5,4.47,0.27,1.52
378,Robbie Grossman,,70,281,239,54,12,1,7,33,29,36,68,3,3,1,12.70%,24.40%,0.143,0.286,0.228,0.331,0.371,0.702,0.312,96,749.7,4.87,-0.19,0.94
379,Nick Gonzales,PIT,49,195,174,40,10,2,4,21,19,16,56,3,2,1,8.30%,28.50%,0.144,0.315,0.232,0.307,0.376,0.683,0.299,84,749.5,4.39,0.79,1.35
380,Spencer Horwitz,TOR,26,93,82,21,5,0,2,10,10,10,19,1,1,0,11.20%,20.30%,0.129,0.31,0.255,0.343,0.384,0.727,0.322,105,747.8,6.14,2.48,1.82
381,Sam Haggerty,SEA,41,131,116,28,6,1,3,16,12,12,30,2,8,1,8.80%,22.50%,0.126,0.297,0.239,0.315,0.365,0.68,0.3,93,999,2.66,0.84,1.8
382,Enmanuel Valdez,BOS,42,151,137,34,7,1,5,18,19,12,36,1,3,1,8.10%,23.80%,0.172,0.297,0.246,0.311,0.418,0.729,0.315,93,662.3,4.76,2.67,1.53
383,Francisco Mejia,,33,117,110,26,6,0,3,12,13,5,27,2,0,0,4.10%,23.40%,0.149,0.284,0.236,0.278,0.385,0.663,0.286,78,744,4.24,1.41,1.64
384,Alec Burleson,STL,60,226,208,54,11,1,6,25,26,15,34,2,2,0,6.50%,15.20%,0.144,0.284,0.26,0.312,0.404,0.716,0.311,95,615.6,3.49,0.91,1.35
385,Mickey Moniak,LAA,94,378,353,84,17,3,15,44,45,17,122,4,6,2,4.50%,32.20%,0.189,0.316,0.237,0.278,0.426,0.703,0.299,86,410.7,5.57,-1.37,0.61
386,Adalberto Mondesi,BOS,45,190,177,39,8,2,5,26,18,10,59,1,14,3,5.00%,31.30%,0.146,0.303,0.222,0.265,0.368,0.633,0.273,70,662.9,3.1,-0.17,1.63
387,Pablo Reyes,BOS,39,136,122,31,6,0,2,16,13,11,24,1,4,1,8.00%,17.90%,0.117,0.293,0.252,0.315,0.369,0.684,0.3,83,747,2.91,3.14,1.71
388,Austin Meadows,,24,95,84,21,5,1,3,12,13,9,17,1,1,0,9.50%,17.60%,0.193,0.274,0.251,0.329,0.444,0.773,0.332,109,999,1.4,0.96,1.75
389,Braden Shewmake,CHW,45,144,133,30,6,1,3,15,14,8,32,1,4,1,5.70%,22.50%,0.135,0.265,0.222,0.271,0.357,0.628,0.273,69,745.2,1.97,-0.31,1.57
390,Austin Hedges,CLE,56,190,171,33,5,0,4,16,16,12,47,2,1,1,6.10%,24.80%,0.093,0.243,0.194,0.252,0.287,0.54,0.24,50,747.1,1.91,-0.06,1.28
391,Rodolfo Castro,PHI,28,99,90,20,4,0,4,11,11,8,28,1,1,1,8.00%,28.70%,0.169,0.276,0.219,0.286,0.388,0.673,0.292,81,999,3.28,-0.06,1.67
392,Oswaldo Cabrera,NYY,44,162,146,33,7,0,5,19,17,12,38,1,4,1,7.50%,23.70%,0.146,0.276,0.228,0.29,0.374,0.664,0.29,81,736.5,2.06,-0.13,1.48
393,Miguel Andujar,OAK,61,236,218,56,11,1,6,24,27,15,37,1,3,1,6.30%,15.70%,0.138,0.283,0.256,0.304,0.394,0.697,0.3,94,610.3,4.9,-0.51,1.34
394,Nick Senzel,WSN,96,368,334,79,15,1,9,43,36,28,75,3,7,3,7.50%,20.40%,0.128,0.278,0.236,0.299,0.364,0.663,0.291,80,433.5,3.09,0.42,0.78
395,Trevor Larnach,MIN,50,192,167,38,8,1,7,23,23,21,62,2,1,0,10.90%,32.40%,0.175,0.313,0.227,0.317,0.402,0.719,0.313,99,741.3,4.23,2.93,1.22
396,Carter Kieboom,,63,247,220,50,9,1,6,26,25,22,61,4,1,0,9.00%,24.80%,0.132,0.286,0.228,0.307,0.36,0.668,0.295,83,743.5,3.89,0.79,1.08
397,Garrett Stubbs,PHI,34,118,104,23,4,1,2,13,11,11,28,1,2,0,9.20%,23.80%,0.114,0.277,0.218,0.297,0.332,0.63,0.281,73,747,1.42,1.54,1.64
398,C.J. Cron,BOS,67,276,249,61,12,0,12,34,39,22,68,4,0,0,7.80%,24.60%,0.195,0.288,0.246,0.313,0.442,0.755,0.324,99,561.6,6.76,0.55,0.86
399,Graham Pauley,SDP,42,164,150,37,8,0,5,19,19,12,36,1,3,1,7.20%,21.80%,0.154,0.291,0.245,0.306,0.399,0.705,0.306,92,999,6.05,-0.2,1.51
400,Jonathan Aranda,TBR,64,229,201,50,10,1,6,27,27,22,59,4,1,0,9.60%,25.80%,0.154,0.314,0.246,0.33,0.4,0.73,0.318,100,540.3,7.26,0.3,1.17
401,Victor Scott II,STL,31,128,117,28,5,1,1,15,11,8,24,2,9,1,6.10%,19.10%,0.09,0.295,0.243,0.297,0.333,0.63,0.278,73,999,6.94,1.5,1.89
402,AJ Pollock,,40,134,123,30,6,1,5,16,17,8,28,1,1,1,6.30%,20.80%,0.179,0.277,0.245,0.297,0.424,0.721,0.31,94,999,2.27,-0.37,1.58
403,Eric Haase,MIL,33,123,113,25,4,0,4,12,14,8,35,0,1,0,6.70%,28.90%,0.139,0.286,0.221,0.274,0.36,0.634,0.276,70,693,4.97,0.85,1.58
404,Wade Meckler,,27,86,77,21,4,0,1,11,8,8,21,1,1,0,9.60%,23.90%,0.088,0.365,0.272,0.351,0.361,0.712,0.318,100,748.2,0.91,0.93,1.92
405,Jorbit Vivas,NYY,11,43,38,9,2,0,1,5,4,3,6,1,1,0,7.70%,14.60%,0.124,0.268,0.242,0.319,0.366,0.685,0.304,90,999,2.17,-0.05,2
406,Ildemaro Vargas,WSN,59,218,202,50,10,1,3,22,21,12,23,1,2,1,5.70%,10.70%,0.103,0.266,0.247,0.292,0.35,0.642,0.281,73,750.8,2.14,-0.29,1.4
407,Blake Sabol,SFG,29,98,89,21,3,0,3,11,12,7,31,1,1,0,7.50%,31.50%,0.128,0.32,0.231,0.294,0.359,0.653,0.287,79,545.9,3.68,-0.13,1.7
408,Franmil Reyes,,26,93,84,19,3,0,4,10,12,7,30,1,0,0,7.60%,32.00%,0.181,0.294,0.227,0.288,0.408,0.696,0.299,85,999,2.3,0.78,1.71
409,Nick Maton,BAL,25,88,77,17,4,0,2,9,9,9,23,1,0,0,10.80%,26.20%,0.151,0.273,0.217,0.306,0.368,0.674,0.297,89,999,3.83,2,1.74
410,Stuart Fairchild,CIN,66,223,197,45,10,1,6,27,23,19,62,5,6,2,8.30%,27.80%,0.159,0.298,0.228,0.311,0.387,0.698,0.306,85,748.1,3.48,0.3,1.24
411,Juan Brito,,19,57,51,12,3,0,1,6,6,6,11,0,1,0,10.20%,19.00%,0.124,0.288,0.241,0.324,0.365,0.689,0.306,95,999,0.73,0.27,1.93
412,Wander Franco,TBR,6,24,22,6,1,0,1,3,3,2,3,0,1,0,8.10%,12.40%,0.192,0.297,0.286,0.347,0.478,0.825,0.353,124,744.8,3.36,2.07,2.1
413,Seby Zavala,SEA,44,151,135,26,5,0,4,14,14,11,55,2,1,0,7.50%,36.60%,0.131,0.288,0.194,0.263,0.325,0.588,0.26,65,999,1.64,0.44,1.39
414,Nick Loftin,KCR,33,130,118,30,6,0,2,14,13,9,22,1,2,1,6.70%,16.90%,0.115,0.287,0.251,0.307,0.366,0.673,0.295,84,649.9,3.08,1.88,1.7
415,Orelvis Martinez,,30,123,110,24,5,0,5,13,16,10,33,2,0,0,8.10%,27.10%,0.176,0.259,0.216,0.287,0.392,0.679,0.293,85,999,4.31,0.76,1.52
416,Travis Jankowski,TEX,54,180,156,39,7,1,1,22,14,21,32,1,9,2,11.70%,17.50%,0.066,0.305,0.247,0.34,0.314,0.654,0.297,85,733.2,2.24,4.12,1.74
417,Rafael Marchan,PHI,9,36,33,8,2,0,1,4,4,3,5,1,0,0,7.30%,14.50%,0.099,0.273,0.241,0.311,0.34,0.651,0.29,79,999,2,0.69,2.02
418,David Fry,CLE,36,108,98,23,6,0,3,11,12,8,26,2,1,0,7.10%,24.40%,0.159,0.287,0.234,0.299,0.393,0.692,0.301,92,741.3,1.41,-1.35,1.69
419,Joey Bart,SFG,25,89,81,18,3,0,3,9,9,6,28,1,0,0,7.10%,31.50%,0.14,0.295,0.217,0.285,0.357,0.642,0.283,76,733.8,2.79,1.03,1.73
420,Eguy Rosario,SDP,34,127,116,27,6,1,3,14,13,9,32,1,3,1,7.40%,25.00%,0.138,0.295,0.233,0.295,0.371,0.666,0.29,81,735.3,2.48,0.4,1.65
421,Mark Vientos,NYM,96,378,344,81,15,1,15,41,48,27,109,3,1,0,7.20%,28.90%,0.181,0.295,0.234,0.295,0.416,0.711,0.306,91,533.4,2.49,-0.67,0.55
422,Kevin Newman,ARI,24,87,80,21,4,0,1,10,8,5,12,1,2,0,5.70%,13.40%,0.103,0.296,0.265,0.313,0.369,0.682,0.299,85,999,2.36,0.64,1.92
423,Miles Mastrobuoni,CHC,22,73,65,16,3,0,1,9,6,7,18,0,3,1,10.10%,23.90%,0.096,0.33,0.251,0.329,0.348,0.677,0.302,89,999,3.95,3.48,1.95
424,Jacob Young,WSN,25,95,86,22,4,0,1,10,8,6,17,1,6,1,6.50%,18.20%,0.078,0.311,0.255,0.312,0.333,0.645,0.287,77,674.3,4.93,0.77,1.99
425,Garrett Cooper,CHC,56,224,202,51,10,1,7,24,27,18,61,2,0,0,8.10%,27.30%,0.16,0.327,0.254,0.321,0.413,0.734,0.319,101,635.7,5.62,-0.21,1.26
426,Jordan Luplow,ATL,28,95,84,18,4,0,3,11,11,10,24,1,1,0,10.10%,25.00%,0.171,0.258,0.216,0.307,0.387,0.694,0.304,88,999,3.38,1.46,1.68
427,Curt Casali,,23,77,67,14,3,0,1,7,7,8,21,1,0,0,10.50%,27.90%,0.107,0.277,0.205,0.298,0.312,0.611,0.276,70,999,2.19,-0.1,1.79
428,Tucker Barnhart,ARI,42,145,130,28,5,0,1,12,11,12,40,1,1,0,8.40%,27.70%,0.076,0.3,0.217,0.289,0.293,0.582,0.263,61,750.6,1.47,-0.08,1.59
429,Jake Alu,,26,98,89,22,5,0,1,10,9,6,20,1,2,1,6.30%,20.80%,0.102,0.306,0.25,0.303,0.353,0.656,0.288,78,749.7,3.69,1.74,1.85
430,Drew Millas,WSN,14,50,44,10,2,0,1,5,5,5,10,0,0,0,9.40%,19.60%,0.092,0.291,0.237,0.313,0.33,0.643,0.288,78,999,1.65,-0.73,1.98
431,Nick Ahmed,,58,208,192,44,10,1,4,21,19,13,49,1,4,1,6.40%,23.50%,0.12,0.285,0.227,0.279,0.347,0.626,0.274,70,734,4.04,0.68,1.36
432,Ernie Clement,TOR,30,94,87,22,4,0,1,10,10,5,10,1,1,0,5.30%,10.40%,0.112,0.274,0.258,0.3,0.369,0.669,0.291,84,745.6,2.42,0.15,1.85
433,Luis Torrens,,43,105,96,22,4,0,3,11,12,7,29,1,0,0,6.80%,27.60%,0.143,0.299,0.234,0.292,0.378,0.669,0.291,80,999,1.86,0.66,1.7
434,Jesse Winker,WSN,63,245,207,50,10,0,6,27,26,33,49,3,0,0,13.40%,20.10%,0.136,0.286,0.241,0.352,0.377,0.728,0.325,103,721.4,3.48,-0.71,1.14
435,David Peralta,CHC,55,210,193,50,12,1,5,23,25,14,41,1,1,0,6.60%,19.50%,0.147,0.303,0.26,0.31,0.407,0.717,0.309,94,750.5,8.1,0.14,1.39
436,Nick Gordon,MIA,71,259,240,60,13,2,6,30,28,12,54,4,5,2,4.80%,20.70%,0.148,0.295,0.249,0.294,0.397,0.691,0.298,85,641.9,2.47,-0.37,1.21
437,Sam Huff,,23,77,70,16,3,0,3,8,10,6,25,0,0,0,7.90%,32.50%,0.171,0.314,0.232,0.297,0.403,0.7,0.302,88,650.7,2.1,-0.07,1.79
438,Jacob Stallings,COL,54,193,171,41,8,0,3,18,18,17,42,2,0,0,9.00%,22.00%,0.101,0.296,0.237,0.312,0.338,0.65,0.29,65,709.6,1.95,-0.74,1.41
439,Luis Guillorme,ATL,29,101,87,22,4,0,1,10,8,11,18,1,0,0,11.20%,17.70%,0.07,0.303,0.248,0.336,0.318,0.653,0.295,81,749.8,1.91,-0.27,1.83
440,Michael Chavis,SEA,58,160,149,33,6,1,4,17,16,8,49,2,1,0,5.30%,30.90%,0.139,0.3,0.223,0.271,0.363,0.634,0.275,76,999,1.33,-0.82,1.44
441,Roberto Perez,BOS,16,57,51,10,2,0,2,6,6,6,19,0,0,0,10.20%,33.10%,0.153,0.278,0.203,0.288,0.356,0.644,0.285,72,999,2.4,1.93,1.86
442,Ben Rortvedt,NYY,16,51,45,9,2,0,2,5,5,5,14,1,0,0,9.30%,27.40%,0.144,0.244,0.195,0.281,0.338,0.619,0.276,71,999,1.77,0.7,1.88
443,Dillon Dingler,,7,28,25,5,1,0,1,3,3,2,9,1,0,0,7.00%,31.10%,0.156,0.286,0.214,0.287,0.37,0.657,0.289,81,999,1.16,-0.59,2.02
444,Jorge Alfaro,CHC,20,69,65,15,3,0,1,7,8,3,21,1,1,0,4.40%,30.60%,0.119,0.328,0.237,0.28,0.356,0.636,0.278,73,999,3.19,1.6,1.87
445,Cade Marlowe,SEA,43,158,144,30,6,1,4,18,16,12,51,1,6,2,7.50%,32.20%,0.135,0.295,0.211,0.276,0.347,0.622,0.273,75,749.4,1.92,0,1.52
446,Jurickson Profar,SDP,113,459,403,96,21,1,9,52,43,47,77,5,4,1,10.20%,16.90%,0.129,0.27,0.237,0.322,0.367,0.688,0.305,91,630,2.76,-0.18,0.38
447,Ryan Kreidler,DET,17,55,49,10,2,0,2,6,5,5,16,0,1,0,8.80%,29.90%,0.141,0.282,0.212,0.287,0.353,0.64,0.282,76,999,3.62,1.97,1.9
448,Manny Pina,,7,25,22,5,1,0,1,3,3,2,5,0,0,0,7.40%,20.70%,0.164,0.254,0.228,0.297,0.392,0.689,0.3,88,999,1.06,0.35,2.04
449,Pedro Pages,STL,8,29,26,6,1,0,1,3,3,2,7,0,0,0,7.80%,25.30%,0.145,0.276,0.224,0.288,0.369,0.657,0.287,79,999,1.17,-0.79,2.03
450,Eduardo Escobar,TOR,43,165,152,35,8,1,4,17,20,11,39,0,0,0,6.80%,23.80%,0.144,0.282,0.231,0.284,0.375,0.659,0.285,80,726.7,5.38,-0.25,1.4
451,Ali Sanchez,PIT,8,28,26,6,1,0,1,3,3,2,6,0,0,0,7.00%,21.80%,0.103,0.292,0.24,0.295,0.342,0.637,0.281,72,999,1.8,0.08,2.04
452,Martin Maldonado,CHW,81,293,262,50,9,0,10,28,29,23,94,3,0,0,7.70%,32.20%,0.153,0.253,0.193,0.264,0.346,0.61,0.268,66,629,2.61,-0.01,0.83
453,Matt Mervis,CHC,35,134,120,28,6,0,5,16,18,12,35,1,0,0,8.90%,25.90%,0.18,0.286,0.235,0.31,0.415,0.725,0.315,98,587.1,6.43,1.12,1.5
454,Jair Camargo,,6,21,19,4,1,0,1,2,2,1,7,0,0,0,5.40%,35.90%,0.188,0.29,0.213,0.258,0.401,0.659,0.283,78,750.7,1.31,-0.23,2.05
455,Addison Barger,,14,55,50,12,3,0,2,6,6,4,15,0,0,0,8.10%,26.60%,0.146,0.296,0.231,0.298,0.377,0.675,0.295,87,999,1.37,-0.44,1.91
456,Jose Miranda,MIN,36,144,133,34,7,0,4,15,17,9,25,2,0,0,6.00%,17.10%,0.144,0.287,0.256,0.31,0.4,0.71,0.309,97,584.9,3.63,1.15,1.61
457,Zack Short,NYM,25,84,72,14,3,0,3,9,9,10,24,0,1,0,11.50%,29.20%,0.15,0.248,0.195,0.289,0.345,0.635,0.28,74,999,2.18,0.1,1.73
458,Jace Jung,DET,9,37,33,7,1,0,1,4,4,4,10,0,0,0,9.70%,27.70%,0.139,0.29,0.222,0.302,0.362,0.663,0.293,84,999,1.94,0.26,1.98
459,Owen Miller,MIL,50,194,178,45,10,0,3,20,20,12,39,2,4,1,6.10%,20.10%,0.116,0.3,0.251,0.302,0.367,0.669,0.292,81,665,4.29,0.35,1.53
460,Jeter Downs,NYY,35,60,53,11,2,0,2,7,5,7,17,1,5,1,10.80%,28.10%,0.133,0.266,0.204,0.297,0.336,0.634,0.283,76,999,0.43,1.36,1.96
461,Richie Palacios,TBR,35,129,114,28,6,1,3,14,13,12,21,2,3,1,9.10%,16.40%,0.136,0.276,0.243,0.32,0.38,0.7,0.308,93,627.2,4.04,2.27,1.68
462,Yu Chang,,32,95,87,18,4,0,3,10,11,6,28,1,2,0,6.10%,29.10%,0.16,0.269,0.212,0.269,0.372,0.64,0.278,72,999,3.24,3.05,1.69
463,Keston Hiura,DET,21,76,68,16,3,0,3,9,10,6,27,2,1,0,7.80%,35.20%,0.187,0.33,0.231,0.309,0.418,0.728,0.316,100,739.6,3.92,3.07,1.8
464,Pavin Smith,ARI,26,98,86,21,4,0,3,11,11,10,20,0,0,0,10.70%,20.70%,0.155,0.279,0.24,0.323,0.395,0.718,0.315,96,999,3.16,-0.27,1.74
465,Diego Castillo,BAL,29,58,53,12,2,0,1,6,6,4,11,0,0,0,7.50%,18.80%,0.118,0.265,0.229,0.291,0.347,0.639,0.281,78,999,1.52,-0.59,1.91
466,Aaron Hicks,LAA,96,374,321,73,12,1,9,45,37,47,87,2,6,2,12.70%,23.30%,0.129,0.282,0.227,0.328,0.355,0.684,0.305,90,617.8,3.06,-1.56,0.66
467,Austin Nola,KCR,19,65,58,14,3,0,1,6,6,6,12,1,0,0,9.00%,17.90%,0.091,0.289,0.241,0.314,0.332,0.646,0.289,79,999,2.2,0.85,1.91
468,Tony Kemp,CIN,49,185,161,39,7,1,2,22,16,18,21,3,6,1,9.70%,11.40%,0.094,0.264,0.242,0.326,0.335,0.662,0.297,79,750.6,4.57,0.99,1.56
469,Thomas Saggese,STL,12,46,42,11,2,0,1,6,6,3,11,1,0,0,6.00%,24.90%,0.157,0.315,0.253,0.307,0.409,0.717,0.311,95,999,1.75,0.08,1.97
470,Osleivis Basabe,TBR,12,46,43,11,3,0,0,5,4,3,9,0,1,0,5.90%,19.00%,0.078,0.317,0.257,0.303,0.334,0.638,0.282,76,999,2.67,0.82,2.02
471,Luisangel Acuna,,11,32,30,7,1,0,1,4,3,2,7,0,2,0,6.70%,22.50%,0.134,0.294,0.243,0.297,0.377,0.674,0.295,84,999,0.8,2.44,2.07
472,Brett Harris,OAK,9,36,32,7,1,0,1,3,3,3,7,1,0,0,7.20%,20.80%,0.137,0.268,0.228,0.302,0.364,0.666,0.294,90,999,1.82,0.44,2.02
473,Tyler Heineman,BOS,15,46,41,9,2,0,0,4,3,4,9,0,1,0,8.70%,18.70%,0.096,0.274,0.225,0.301,0.322,0.623,0.279,68,999,1.88,0.52,1.99
474,Logan Porter,KCR,9,28,24,5,1,0,1,3,3,3,8,0,0,0,9.70%,27.70%,0.143,0.29,0.221,0.308,0.364,0.671,0.298,86,999,0.25,0.26,2.03
475,Chad Wallach,,19,62,56,11,2,0,2,6,6,5,20,0,0,0,7.80%,31.80%,0.148,0.263,0.198,0.264,0.346,0.61,0.268,65,999,1.62,-0.65,1.83
476,Jonathan Schoop,,38,133,123,29,6,0,3,14,14,7,29,1,1,0,5.50%,22.10%,0.128,0.282,0.236,0.284,0.364,0.649,0.283,76,999,1.86,-0.12,1.61
477,Niko Goodrum,MIN,6,26,23,5,1,0,1,3,2,3,8,0,1,0,11.60%,30.90%,0.162,0.303,0.222,0.318,0.384,0.701,0.309,97,999,3.1,2.53,2.05
478,Austin Wynns,CIN,25,85,77,17,3,0,2,8,8,6,21,1,0,0,7.40%,24.40%,0.109,0.282,0.224,0.288,0.333,0.621,0.275,65,999,1.74,-0.49,1.8
479,Jace Peterson,ARI,45,166,146,34,6,1,3,19,16,17,40,2,5,1,10.40%,23.80%,0.114,0.297,0.232,0.317,0.346,0.663,0.294,82,741.9,2.79,-0.68,1.56
480,Tyler Gentry,,21,81,71,17,3,0,2,9,8,7,20,1,1,0,9.20%,24.90%,0.13,0.301,0.237,0.317,0.367,0.685,0.303,90,999,1.42,-0.46,1.84
481,Andre Lipcius,,11,34,31,7,1,0,1,3,3,3,7,0,0,0,8.80%,20.00%,0.144,0.279,0.239,0.31,0.383,0.693,0.304,90,999,0.6,0.81,2.03
482,Ryan McKenna,BAL,24,72,65,14,3,0,2,9,7,6,23,1,2,0,7.80%,32.20%,0.134,0.314,0.223,0.29,0.357,0.647,0.284,80,999,2.17,0.12,1.84
483,Justyn-Henry Malloy,DET,16,61,52,12,2,0,2,7,6,8,17,1,0,0,12.60%,27.10%,0.152,0.31,0.237,0.342,0.389,0.731,0.325,106,999,4.03,1.39,1.89
484,Connor Norby,BAL,11,32,29,7,1,0,1,3,3,2,8,0,0,0,6.40%,24.00%,0.14,0.3,0.243,0.299,0.383,0.682,0.298,90,999,1.58,1.09,2.04
485,Franchy Cordero,,27,82,74,17,3,0,3,10,10,7,26,1,1,0,8.40%,32.10%,0.177,0.302,0.225,0.295,0.402,0.697,0.302,89,999,0.43,1.57,1.75
486,Vidal Brujan,MIA,42,144,130,29,6,1,2,17,13,11,30,2,7,3,7.50%,20.80%,0.116,0.269,0.222,0.287,0.338,0.625,0.276,70,676.3,4.61,-0.67,1.67
487,Kyren Paris,,16,59,52,11,3,0,1,7,5,6,19,0,3,0,10.70%,32.90%,0.11,0.324,0.215,0.305,0.325,0.631,0.284,76,748.8,3.76,2.03,1.94
488,Cesar Salazar,HOU,10,29,26,5,1,0,0,3,3,2,7,1,0,0,6.80%,22.80%,0.077,0.271,0.21,0.288,0.287,0.574,0.261,63,999,1.98,0.82,2.02
489,Ronny Mauricio,NYM,7,30,28,7,1,0,1,4,3,2,7,0,1,0,5.40%,23.50%,0.154,0.299,0.249,0.293,0.404,0.697,0.301,88,999,1.89,0.25,2.06
490,Matt Duffy,TEX,55,162,148,37,6,0,1,15,13,11,31,2,1,1,6.60%,19.40%,0.068,0.311,0.252,0.31,0.321,0.63,0.282,74,999,2.88,0.95,1.68
491,Ryan Bliss,SEA,18,72,67,15,3,0,2,8,7,5,18,0,4,1,6.30%,25.00%,0.119,0.283,0.223,0.277,0.342,0.619,0.272,74,999,3.21,0.11,1.9
492,Carlos Perez,,17,48,44,10,2,0,1,4,5,3,8,0,0,0,5.30%,16.10%,0.119,0.243,0.221,0.268,0.34,0.608,0.266,70,999,0.71,2.06,1.95
493,Jordan Groshans,,11,37,34,8,2,0,1,4,4,3,7,0,0,0,8.40%,19.80%,0.128,0.284,0.241,0.307,0.368,0.676,0.297,86,999,0.42,2.15,2.01
494,Mark Mathias,CIN,14,39,34,8,2,0,1,4,4,4,10,0,1,0,10.20%,26.70%,0.141,0.301,0.231,0.317,0.372,0.689,0.305,84,999,0.95,0.62,2.01
495,Kyle Stowers,BAL,24,85,76,17,3,0,3,9,10,8,27,1,0,0,9.10%,31.60%,0.167,0.298,0.222,0.3,0.389,0.689,0.301,92,729.4,2.22,0.75,1.74
496,Kyle Lewis,,18,69,61,14,3,0,2,8,8,6,20,1,0,0,9.20%,28.80%,0.165,0.293,0.229,0.306,0.395,0.701,0.307,92,999,2.76,-0.97,1.83
497,Dominic Smith,,37,140,127,33,7,0,3,16,16,11,26,2,0,0,7.60%,18.40%,0.127,0.3,0.257,0.32,0.384,0.704,0.308,93,734,5.2,0.07,1.63
498,David Hamilton,BOS,9,30,27,6,1,0,1,4,3,3,8,0,1,0,9.50%,25.50%,0.119,0.284,0.223,0.299,0.342,0.64,0.285,72,750.5,1.88,-0.47,2.04
499,Tyler Soderstrom,OAK,82,307,283,61,11,1,10,28,34,19,89,2,1,0,6.30%,29.00%,0.149,0.278,0.217,0.27,0.366,0.636,0.275,76,488,2.6,-1.56,0.79
500,Alan Trejo,COL,42,146,135,33,8,1,4,16,16,8,34,1,2,1,5.60%,23.60%,0.143,0.302,0.246,0.293,0.389,0.682,0.296,68,748.3,2.4,2.41,1.59
501,Brett Wisely,,19,63,56,12,3,0,1,7,6,5,17,0,2,0,8.70%,26.90%,0.113,0.292,0.22,0.291,0.333,0.624,0.277,72,999,2.44,-0.22,1.9
502,Drew Romo,COL,10,36,33,8,2,0,1,4,4,2,7,0,1,0,5.70%,19.80%,0.143,0.295,0.253,0.298,0.396,0.695,0.301,72,999,1.39,-0.23,2.03
503,Jonathan Ornelas,,14,39,36,8,1,0,1,5,4,3,11,0,1,0,7.30%,28.50%,0.095,0.311,0.228,0.291,0.322,0.614,0.273,68,999,2.9,1.48,1.99
504,David Fletcher,ATL,41,153,143,38,6,0,1,17,13,7,14,1,2,1,4.80%,9.20%,0.067,0.287,0.264,0.303,0.33,0.634,0.28,71,749.2,3.35,2.81,1.73
505,Damiano Palmegiani,TOR,11,36,33,7,2,0,1,4,4,3,11,0,0,0,8.30%,29.10%,0.154,0.281,0.214,0.289,0.369,0.658,0.289,83,999,0.82,1.76,1.97
506,DJ Stewart,NYM,52,195,170,37,7,0,8,22,24,20,57,4,1,0,10.10%,29.30%,0.19,0.269,0.217,0.309,0.407,0.717,0.312,96,657.3,5.01,0.16,1.18
507,Jose Herrera,ARI,27,90,80,17,3,0,1,9,7,9,22,0,0,0,9.50%,24.10%,0.065,0.286,0.215,0.293,0.28,0.573,0.261,60,750.9,2.56,0.39,1.77
508,Hanser Alberto,,23,79,74,19,4,0,1,8,8,2,11,1,1,0,3.10%,14.50%,0.124,0.283,0.256,0.284,0.38,0.663,0.286,78,999,1.88,-0.82,1.89
509,Mike Brosseau,KCR,14,45,41,9,1,0,1,5,6,3,12,1,0,0,7.40%,26.90%,0.14,0.287,0.228,0.295,0.368,0.662,0.291,82,750.5,3.9,2.12,1.94
510,Taylor Trammell,SEA,29,99,88,17,4,0,3,11,11,10,33,1,2,1,10.40%,33.60%,0.166,0.274,0.2,0.288,0.365,0.654,0.288,85,999,3.33,1.05,1.65
511,Jose Fermin,STL,10,34,30,8,1,0,1,4,4,3,5,0,0,0,8.60%,13.50%,0.098,0.276,0.249,0.322,0.346,0.669,0.298,87,999,2.74,0.74,2.02
512,Josh Harrison,,31,114,104,26,5,0,2,12,11,6,20,4,1,0,5.10%,17.80%,0.103,0.293,0.249,0.309,0.352,0.662,0.293,83,751,4.69,0.43,1.75
513,Charlie Blackmon,COL,108,469,419,114,22,4,11,59,51,37,75,9,4,1,7.90%,16.00%,0.15,0.308,0.272,0.341,0.422,0.763,0.332,93,427.2,2.62,0.67,0.78
514,Charles Leblanc,LAA,11,33,30,7,1,0,1,4,3,3,10,0,0,0,8.00%,31.10%,0.135,0.323,0.233,0.3,0.368,0.668,0.294,83,999,1.56,-0.67,2.02
515,Donny Sands,DET,19,53,48,11,2,0,1,5,4,4,12,0,0,0,7.80%,23.30%,0.09,0.282,0.22,0.285,0.311,0.596,0.266,65,999,0.84,-0.7,1.94
516,Joey Votto,,65,251,217,46,9,1,10,27,31,29,69,4,0,0,11.50%,27.40%,0.185,0.262,0.214,0.315,0.398,0.713,0.312,99,678.1,3.67,-0.86,0.9
517,Jorge Barrosa,,6,25,23,5,1,0,0,3,2,2,5,0,1,0,9.00%,20.50%,0.083,0.302,0.239,0.312,0.321,0.633,0.284,75,999,1.76,0.04,2.06
518,James Wood,WSN,36,147,132,30,7,1,5,17,17,12,47,1,3,1,8.40%,32.20%,0.177,0.313,0.23,0.299,0.406,0.705,0.305,89,999,2.27,0.23,1.53
519,Terrin Vavra,BAL,22,52,46,11,2,0,1,6,5,5,11,1,1,0,9.40%,21.10%,0.1,0.303,0.243,0.322,0.343,0.665,0.297,89,999,1.86,-0.63,1.96
520,Zach Remillard,,23,83,74,17,3,0,1,9,7,6,22,1,2,1,7.20%,26.10%,0.093,0.301,0.226,0.296,0.319,0.615,0.275,71,999,2.19,0.62,1.86
521,Angel Martinez,CLE,10,37,35,8,2,0,1,4,4,2,8,0,0,0,6.60%,22.20%,0.121,0.287,0.233,0.287,0.354,0.641,0.281,78,999,1.9,-0.6,2.01
522,Wil Myers,,48,173,156,36,7,0,4,19,19,15,52,1,2,1,8.50%,30.10%,0.138,0.317,0.233,0.301,0.372,0.672,0.294,84,999,1.45,-1.93,1.42
523,Austin Shenton,,7,27,24,5,1,0,1,3,3,3,8,0,0,0,10.30%,31.00%,0.136,0.312,0.225,0.31,0.361,0.671,0.297,86,999,2.88,1.17,2.02
524,Evan White,LAA,12,49,45,10,2,0,2,6,6,4,13,1,0,0,7.80%,26.60%,0.175,0.274,0.226,0.297,0.401,0.697,0.304,90,999,1.93,-0.81,1.92
525,Christian Arroyo,MIL,24,78,73,18,3,0,1,9,9,4,17,1,1,0,5.20%,21.40%,0.106,0.302,0.248,0.292,0.354,0.645,0.282,74,748.7,3.83,-0.11,1.84
526,Tommy La Stella,,20,66,60,15,3,0,1,7,6,5,11,0,0,0,8.00%,16.00%,0.114,0.273,0.241,0.303,0.355,0.659,0.29,81,999,1.72,0.05,1.9
527,Nathan Lukes,TOR,33,77,70,18,4,0,1,8,7,5,15,1,1,0,6.50%,19.10%,0.099,0.303,0.253,0.306,0.352,0.658,0.289,83,999,1.57,1.72,1.9
528,Blake Perkins,MIL,21,69,61,13,3,0,1,8,6,8,19,0,2,0,10.80%,27.50%,0.118,0.297,0.22,0.308,0.338,0.646,0.289,79,751,1.91,1.26,1.86
529,Daniel Vogelbach,,32,115,98,22,3,0,4,14,15,16,28,0,0,0,14.00%,24.80%,0.151,0.282,0.23,0.34,0.38,0.72,0.319,104,750.1,5.14,0.4,1.57
530,Leo Jimenez,,6,22,20,5,1,0,0,2,2,2,4,1,0,0,8.00%,19.80%,0.072,0.304,0.241,0.325,0.312,0.637,0.29,83,999,1.69,0.06,2.07
531,Andy Pages,,13,42,38,9,2,0,1,5,5,4,11,1,0,0,9.10%,27.00%,0.149,0.295,0.226,0.31,0.376,0.686,0.302,89,999,0.75,1.76,1.95
532,Chadwick Tromp,ATL,7,24,22,5,1,0,1,2,3,2,6,0,0,0,7.30%,25.80%,0.147,0.266,0.215,0.275,0.362,0.637,0.279,70,999,2.34,1.05,2.04
533,Casey Schmitt,SFG,30,108,99,23,5,0,2,11,11,6,25,2,1,0,5.20%,23.50%,0.123,0.291,0.235,0.284,0.358,0.642,0.281,74,669,3.37,1.15,1.72
534,Jake Cave,PHI,39,143,129,30,7,1,4,16,16,11,40,2,1,0,7.40%,28.00%,0.15,0.304,0.232,0.3,0.382,0.681,0.298,84,999,3.78,0.33,1.52
535,Brady House,WSN,8,32,30,7,1,0,1,3,3,2,9,1,0,0,4.80%,27.40%,0.13,0.317,0.244,0.294,0.374,0.668,0.292,80,999,1.36,-0.47,2.03
536,Jo Adell,LAA,70,274,251,56,12,1,11,32,33,18,93,3,4,1,6.60%,34.00%,0.185,0.306,0.224,0.283,0.408,0.691,0.297,85,554,4.91,-1.45,0.89
537,Danny Mendick,,22,69,63,15,3,0,1,7,6,5,14,1,1,0,7.00%,20.20%,0.1,0.285,0.237,0.297,0.336,0.633,0.281,75,999,2.68,3.25,1.9
538,J.P. Martinez,,21,74,66,14,3,0,2,9,7,7,24,1,3,1,9.50%,31.90%,0.141,0.296,0.214,0.292,0.354,0.646,0.284,74,749.8,2.98,1.15,1.85
539,Coco Montes,COL,8,27,25,6,1,0,1,3,3,2,8,0,0,0,7.20%,28.80%,0.173,0.312,0.241,0.301,0.414,0.715,0.31,78,738.1,1.3,-0.58,2.05
540,Jake Lamb,PIT,15,49,43,10,2,0,1,6,5,5,14,0,0,0,10.30%,27.70%,0.106,0.298,0.221,0.308,0.327,0.635,0.286,75,999,2.16,0.68,1.92
541,Jahmai Jones,NYY,9,26,23,5,1,0,1,3,3,3,8,0,0,0,10.60%,28.90%,0.12,0.296,0.219,0.306,0.338,0.645,0.289,80,999,2.99,1.86,2.04
542,Samad Taylor,SEA,12,41,37,8,2,0,1,5,4,4,11,0,3,1,9.90%,26.80%,0.105,0.308,0.227,0.308,0.331,0.639,0.286,83,736,2.77,0.71,2.03
543,Anthony Bemboom,DET,16,39,35,7,1,0,1,3,3,3,9,0,0,0,8.40%,22.90%,0.111,0.248,0.203,0.276,0.314,0.59,0.264,63,999,0.69,1.93,1.98
544,Michael Perez,BAL,11,40,36,7,1,0,1,4,4,3,10,0,0,0,8.30%,25.70%,0.114,0.238,0.193,0.263,0.307,0.571,0.254,60,999,3.04,2.82,1.95
545,Gavin Sheets,CHW,77,299,263,61,12,0,10,26,34,32,60,2,1,0,10.70%,19.90%,0.157,0.262,0.232,0.317,0.389,0.706,0.309,94,671.2,2.06,0.08,0.97
546,Yasiel Puig,,14,61,55,13,3,0,2,7,7,5,15,1,1,0,7.40%,24.90%,0.152,0.292,0.237,0.304,0.389,0.693,0.303,89,999,0.83,0.22,1.89
547,Julio Carreras,,11,45,42,10,3,0,1,6,4,3,11,0,1,0,6.10%,24.60%,0.118,0.319,0.247,0.297,0.364,0.661,0.29,64,999,2.13,-0.49,1.99
548,Andrew Stevenson,,24,46,43,10,2,0,1,5,4,3,11,1,2,0,5.80%,24.50%,0.119,0.308,0.242,0.298,0.36,0.658,0.289,83,999,2.29,-0.34,2.02
549,Austin Martin,,10,39,34,8,2,0,0,4,3,4,8,1,1,0,9.40%,20.00%,0.065,0.296,0.233,0.323,0.298,0.621,0.285,80,999,2.56,1.89,2.02
550,Brett Phillips,,46,113,100,18,3,1,3,13,10,11,47,1,4,1,9.80%,41.70%,0.137,0.291,0.178,0.264,0.315,0.579,0.258,59,999,2.02,-1.61,1.6
551,George Valera,,15,58,51,11,2,0,1,6,6,6,17,0,0,0,10.90%,29.80%,0.132,0.294,0.214,0.306,0.345,0.652,0.291,85,999,1.38,1.46,1.87
552,Kenedy Corona,,8,31,29,6,1,0,1,4,3,2,9,0,1,0,7.00%,28.90%,0.146,0.287,0.219,0.277,0.366,0.643,0.28,76,748.9,2.22,0.68,2.01
553,Blaze Alexander,ARI,19,70,63,14,3,0,1,7,7,5,22,1,1,0,7.60%,31.70%,0.09,0.331,0.224,0.298,0.314,0.612,0.275,69,999,1.32,1.84,1.87
554,Otto Lopez,SFG,16,62,57,15,2,1,0,7,5,4,11,1,2,0,6.20%,18.20%,0.091,0.314,0.257,0.312,0.348,0.66,0.291,82,999,2.23,-0.37,1.98
555,Kevin Pillar,CHW,52,177,166,38,8,1,6,21,22,8,41,2,3,1,4.40%,22.90%,0.173,0.267,0.232,0.274,0.405,0.679,0.291,82,750.1,2.52,2.19,1.34
556,Greg Allen,,19,41,36,8,1,0,1,5,3,3,12,1,3,0,7.20%,29.80%,0.148,0.285,0.213,0.294,0.361,0.654,0.289,80,999,1.36,0.13,2.02
557,Jonatan Clase,SEA,16,46,42,9,2,0,1,6,4,4,15,0,3,0,8.60%,31.50%,0.128,0.296,0.21,0.284,0.338,0.622,0.276,77,999,0.78,1.37,1.99
558,Jacob Hurtubise,,7,27,24,6,1,0,0,4,2,3,5,1,1,0,10.40%,20.00%,0.061,0.319,0.249,0.347,0.31,0.656,0.301,82,747.2,0.96,0.85,2.08
559,Vinny Capra,MIL,11,30,27,6,1,0,0,4,3,3,7,0,0,0,9.60%,21.50%,0.064,0.311,0.24,0.318,0.305,0.622,0.282,74,999,2.48,0.69,2.03
560,Jacob Amaya,,10,39,35,8,2,0,1,5,4,3,8,0,1,0,8.90%,20.60%,0.115,0.278,0.229,0.301,0.345,0.645,0.286,77,999,2.81,1.05,2
561,Jake Marisnick,LAA,17,50,46,10,2,0,1,5,5,3,14,1,1,0,6.00%,29.00%,0.122,0.309,0.227,0.283,0.349,0.632,0.277,71,999,2.66,0.6,1.96
562,Hoy Park,OAK,6,24,21,4,1,0,0,2,2,3,6,0,0,0,10.80%,26.40%,0.072,0.297,0.215,0.303,0.287,0.59,0.268,72,999,1.3,-0.23,2.07
563,Jason Delay,PIT,29,98,90,20,4,0,1,10,8,6,25,1,0,0,6.30%,25.40%,0.079,0.301,0.225,0.281,0.304,0.585,0.261,59,749,2.11,-0.14,1.75
564,Nick Martini,CIN,26,91,80,19,3,0,3,11,11,8,21,2,0,0,9.40%,23.00%,0.161,0.288,0.242,0.323,0.402,0.726,0.317,93,999,2.79,0.48,1.75
565,Oliver Dunn,MIL,7,27,24,5,1,0,0,3,3,3,9,0,1,0,11.10%,32.70%,0.097,0.318,0.212,0.303,0.309,0.611,0.276,70,750.6,0.98,0.1,2.03
566,Korey Lee,CHW,33,113,106,22,5,0,2,11,10,6,33,1,2,1,5.50%,29.50%,0.109,0.284,0.211,0.259,0.319,0.579,0.254,57,698,1.27,-0.38,1.66
567,Conner Capel,CIN,14,37,33,8,2,0,1,4,3,4,9,0,1,0,9.60%,24.90%,0.13,0.304,0.239,0.315,0.369,0.685,0.302,82,999,1.37,-0.58,2.04
568,TJ Hopkins,DET,17,36,33,7,1,0,1,4,3,3,11,0,0,0,7.60%,30.40%,0.14,0.311,0.229,0.295,0.369,0.663,0.291,83,999,0.9,1.57,2.01
569,Victor Reyes,,10,31,29,7,1,0,1,3,3,2,7,0,0,0,4.90%,24.00%,0.138,0.306,0.248,0.289,0.386,0.675,0.293,83,999,0.45,0.36,2.05
570,Eli White,ATL,8,27,25,5,1,0,1,3,3,2,9,0,1,0,8.90%,33.70%,0.176,0.281,0.207,0.285,0.384,0.668,0.292,79,999,2.94,2.92,2.03
571,Canaan Smith-Njigba,,18,63,56,13,3,0,1,7,6,6,18,1,2,0,9.90%,28.80%,0.126,0.319,0.234,0.315,0.36,0.674,0.299,84,999,2.64,0.61,1.92
572,Travis Blankenhorn,WSN,12,35,32,7,2,0,1,4,4,3,9,0,0,0,8.00%,25.80%,0.158,0.28,0.224,0.294,0.382,0.676,0.296,83,999,0.67,1.28,1.99
573,Alika Williams,PIT,14,45,42,10,2,0,1,5,4,3,11,0,0,0,7.60%,24.30%,0.09,0.299,0.229,0.292,0.319,0.611,0.272,66,999,2.71,0.06,1.97
574,Ji Man Choi,NYM,41,155,133,29,6,0,5,17,18,19,45,1,0,0,12.00%,29.10%,0.169,0.284,0.22,0.317,0.39,0.707,0.31,94,750.2,2.87,-1.39,1.39
575,Jose Iglesias,NYM,9,36,34,9,2,0,0,3,3,2,6,0,0,0,4.20%,15.80%,0.075,0.302,0.255,0.291,0.331,0.622,0.274,70,999,1.91,0.01,2.05
576,Raimel Tapia,,42,152,139,35,6,1,2,18,14,11,31,1,6,1,7.00%,20.50%,0.107,0.307,0.252,0.306,0.359,0.666,0.292,82,999,1.89,0.73,1.72
577,Brian Serven,TOR,8,28,26,5,1,0,1,2,3,2,8,0,0,0,5.70%,29.70%,0.114,0.247,0.19,0.241,0.303,0.544,0.24,49,999,1.42,-0.27,2.01
578,Grae Kessinger,HOU,22,72,65,13,3,0,1,8,7,7,19,1,1,0,9.30%,26.50%,0.11,0.269,0.206,0.289,0.316,0.605,0.272,71,750.6,1.88,0.87,1.81
579,Nasim Nunez,WSN,23,97,86,19,3,0,1,10,7,10,22,0,5,1,9.90%,22.60%,0.062,0.289,0.222,0.301,0.284,0.585,0.267,64,749.9,2.34,0.09,1.88
580,Johnathan Rodriguez,,9,33,31,7,2,0,1,3,4,2,11,0,0,0,7.10%,32.10%,0.165,0.321,0.235,0.292,0.399,0.691,0.299,90,999,1.73,-0.27,2.01
581,Tucupita Marcano,SDP,31,105,96,23,4,0,1,12,10,8,19,1,2,1,7.20%,18.50%,0.089,0.289,0.241,0.3,0.33,0.629,0.279,74,999,3.69,1.29,1.76
582,Aaron Schunk,COL,8,29,27,7,1,0,1,3,3,2,8,0,0,0,5.60%,26.40%,0.149,0.306,0.242,0.287,0.391,0.678,0.293,67,999,1.1,-0.45,2.05
583,Lazaro Armenteros,,6,23,21,4,1,0,1,3,2,2,10,0,1,0,9.30%,41.00%,0.157,0.317,0.198,0.278,0.355,0.634,0.279,79,999,1.3,0.08,2.05
584,Jesus Aguilar,,36,116,105,24,4,0,4,10,13,9,27,1,0,0,7.60%,23.60%,0.157,0.265,0.228,0.29,0.385,0.675,0.291,88,999,0.92,0.21,1.65
585,Jonah Bride,,20,73,63,15,3,0,1,8,7,8,14,2,0,0,10.40%,19.50%,0.106,0.276,0.23,0.328,0.336,0.664,0.299,85,999,3.58,1.31,1.85
586,Tristan Gray,MIA,12,33,30,7,1,0,2,4,4,2,6,0,0,0,7.50%,19.10%,0.189,0.223,0.216,0.283,0.405,0.688,0.298,85,999,3.74,-0.02,1.97
587,Jhonkensy Noel,,14,40,37,8,2,0,1,4,5,3,11,1,0,0,6.50%,27.20%,0.14,0.286,0.222,0.284,0.362,0.646,0.283,79,999,0.69,1.2,1.96
588,Brennen Davis,,9,27,24,5,1,0,1,3,2,2,8,1,0,0,7.50%,28.40%,0.136,0.286,0.216,0.29,0.352,0.642,0.284,77,999,0.51,2.04,2.04
589,Billy McKinney,PIT,15,51,45,10,2,0,1,6,6,5,14,0,0,0,10.10%,26.60%,0.154,0.279,0.219,0.302,0.373,0.675,0.296,85,999,1.9,-0.39,1.9
590,Tirso Ornelas,SDP,13,48,44,10,2,0,1,5,5,4,11,0,0,0,7.40%,22.80%,0.121,0.294,0.236,0.297,0.357,0.654,0.288,79,999,0.55,1.41,1.96
591,Livan Soto,LAA,8,26,24,5,1,0,0,3,3,2,7,0,0,0,8.80%,25.10%,0.053,0.295,0.218,0.289,0.271,0.56,0.255,56,999,2.43,1.37,2.03
592,Joey Wendle,NYM,81,300,278,66,15,2,3,32,25,14,60,4,7,2,4.80%,20.10%,0.103,0.291,0.239,0.284,0.342,0.626,0.274,70,738.2,1.88,-0.23,1.21
593,Troy Johnston,MIA,20,83,75,18,4,0,2,9,9,6,18,1,1,0,7.70%,21.70%,0.14,0.29,0.243,0.311,0.383,0.694,0.303,88,999,1.16,1.66,1.83
594,Ehire Adrianza,,10,33,29,6,1,0,1,3,3,3,8,0,0,0,8.50%,22.90%,0.116,0.267,0.219,0.292,0.335,0.627,0.278,72,999,2.23,1.93,2.01
595,Luke Williams,ATL,28,57,53,11,2,0,1,7,4,4,16,0,5,1,7.10%,28.20%,0.096,0.293,0.215,0.276,0.311,0.587,0.261,59,999,4.76,2.57,1.98
596,Darin Ruf,,16,56,48,11,2,0,2,7,6,7,16,1,0,0,11.80%,28.30%,0.157,0.294,0.225,0.326,0.381,0.707,0.314,97,999,2.27,0.45,1.89
597,Gilberto Celestino,PIT,11,39,35,8,2,0,1,4,3,3,8,0,1,0,9.00%,21.30%,0.1,0.298,0.239,0.313,0.339,0.652,0.291,79,999,1.86,-0.28,2.02
598,Ben Gamel,NYM,24,83,73,17,3,0,2,10,9,9,20,0,1,0,11.20%,24.40%,0.106,0.298,0.231,0.321,0.336,0.657,0.295,84,999,5.11,2.42,1.78
599,Romy Gonzalez,BOS,33,112,105,24,5,1,3,14,12,5,37,1,4,1,4.90%,33.40%,0.146,0.314,0.225,0.265,0.371,0.636,0.275,65,999,4.72,1.61,1.68
600,Peyton Burdick,CHW,9,31,28,6,1,0,1,3,3,3,12,0,0,0,9.10%,38.30%,0.172,0.293,0.197,0.279,0.369,0.649,0.285,77,999,2.37,1.46,1.99
